cliente_id,probabilidad,nivel_riesgo,motivo_principal,top_3_motivos,Contract,InternetService,PaymentMethod,tenure,MonthlyCharges,TotalCharges,SeniorCitizen,Partner,Dependents
1820-TQVEV,0.972628837053969,ALTO,Antigüedad,Antigüedad | Cargo acumulado | Tipo de contrato: mes a mes,Month-to-month,Fiber optic,Electronic check,1,69.55,69.55,0,No,No
8375-DKEBR,0.9709821597448499,ALTO,Antigüedad,Antigüedad | Cargo acumulado | Tipo de contrato: mes a mes,Month-to-month,Fiber optic,Electronic check,1,69.6,69.6,1,No,No
1069-XAIEM,0.9704765119515935,ALTO,Antigüedad,Antigüedad | Tipo de contrato: mes a mes | Cargo acumulado,Month-to-month,Fiber optic,Electronic check,1,85.05,85.05,1,No,No
9248-OJYKK,0.9687614677291998,ALTO,Antigüedad,Antigüedad | Tipo de contrato: mes a mes | Cargo acumulado,Month-to-month,Fiber optic,Electronic check,1,76.45,76.45,1,No,No
9804-ICWBG,0.967573327728144,ALTO,Antigüedad,Antigüedad | Cargo acumulado | Tipo de contrato: mes a mes,Month-to-month,Fiber optic,Electronic check,1,69.9,69.9,0,No,No
5542-TBBWB,0.967573327728144,ALTO,Antigüedad,Antigüedad | Cargo acumulado | Tipo de contrato: mes a mes,Month-to-month,Fiber optic,Electronic check,1,69.9,69.9,0,No,No
2545-EBUPK,0.965861622493919,ALTO,Antigüedad,Antigüedad | Tipo de contrato: mes a mes | Seguridad en línea: no,Month-to-month,Fiber optic,Electronic check,2,84.05,186.05,1,No,No
0295-PPHDO,0.96243366401686,ALTO,Antigüedad,Antigüedad | Tipo de contrato: mes a mes | Servicio de internet: fibra óptica,Month-to-month,Fiber optic,Electronic check,1,95.45,95.45,0,No,No
0841-NULXI,0.9594635659418702,ALTO,Antigüedad,Antigüedad | Tipo de contrato: mes a mes | Cargo acumulado,Month-to-month,DSL,Electronic check,1,35.55,35.55,0,No,No
8161-QYMTT,0.9577877822571037,ALTO,Servicio de internet: fibra óptica,Servicio de internet: fibra óptica | Antigüedad | Tipo de contrato: mes a mes,Month-to-month,Fiber optic,Electronic check,7,94.1,701.3,0,No,No
4750-ZRXIU,0.9577590630139747,ALTO,Antigüedad,Antigüedad | Tipo de contrato: mes a mes | Servicio de internet: fibra óptica,Month-to-month,Fiber optic,Electronic check,4,84.6,360.1,1,No,No
1143-NMNQJ,0.9550360562043952,ALTO,Antigüedad,Antigüedad | Tipo de contrato: mes a mes | Servicio de internet: fibra óptica,Month-to-month,Fiber optic,Electronic check,2,85.7,169.8,0,No,No
3716-BDVDB,0.953930955918421,ALTO,Antigüedad,Antigüedad | Cargo acumulado | Tipo de contrato: mes a mes,Month-to-month,Fiber optic,Electronic check,1,69.1,69.1,0,No,No
6861-XWTWQ,0.9526559677437912,ALTO,Servicio de internet: fibra óptica,Servicio de internet: fibra óptica | Tipo de contrato: mes a mes | Antigüedad,Month-to-month,Fiber optic,Electronic check,7,99.25,665.45,1,Yes,No
2514-GINMM,0.9487959794405647,ALTO,Antigüedad,Antigüedad | Tipo de contrato: mes a mes | Cargo acumulado,Month-to-month,Fiber optic,Electronic check,1,79.5,79.5,0,No,No
9057-SIHCH,0.9483084088442861,ALTO,Antigüedad,Antigüedad | Tipo de contrato: mes a mes | Servicio de internet: fibra óptica,Month-to-month,Fiber optic,Electronic check,3,96.6,291.9,0,No,No
0655-RBDUG,0.9476857861663048,ALTO,Servicio de internet: fibra óptica,Servicio de internet: fibra óptica | Antigüedad | Tipo de contrato: mes a mes,Month-to-month,Fiber optic,Bank transfer (automatic),7,98.05,713.0,0,No,No
5178-LMXOP,0.9453524631315732,ALTO,Antigüedad,Antigüedad | Tipo de contrato: mes a mes | Servicio de internet: fibra óptica,Month-to-month,Fiber optic,Electronic check,1,95.1,95.1,1,Yes,No
6023-YEBUP,0.93861996166522,ALTO,Antigüedad,Antigüedad | Tipo de contrato: mes a mes | Servicio de internet: fibra óptica,Month-to-month,Fiber optic,Electronic check,3,100.95,329.95,0,No,No
8593-WHYHV,0.9384453491551994,ALTO,Antigüedad,Antigüedad | Tipo de contrato: mes a mes | Servicio de internet: fibra óptica,Month-to-month,Fiber optic,Electronic check,3,85.3,264.8,0,No,No
8884-ADFVN,0.9382653095642413,ALTO,Servicio de internet: fibra óptica,Servicio de internet: fibra óptica | Tipo de contrato: mes a mes | Antigüedad,Month-to-month,Fiber optic,Electronic check,7,101.95,700.85,1,Yes,No
4415-IJZTP,0.9357421613231577,ALTO,Antigüedad,Antigüedad | Tipo de contrato: mes a mes | Cargo acumulado,Month-to-month,Fiber optic,Electronic check,1,74.5,74.5,0,No,No
8258-GSTJK,0.9345721575404478,ALTO,Antigüedad,Antigüedad | Tipo de contrato: mes a mes | Servicio de internet: fibra óptica,Month-to-month,Fiber optic,Electronic check,3,77.0,237.75,1,No,No
2737-YNGYW,0.9262634241143163,ALTO,Antigüedad,Antigüedad | Tipo de contrato: mes a mes | Seguridad en línea: no,Month-to-month,Fiber optic,Electronic check,2,80.55,184.1,0,No,No
4090-KPJIP,0.9256496319088499,ALTO,Antigüedad,Antigüedad | Tipo de contrato: mes a mes | Servicio de internet: fibra óptica,Month-to-month,Fiber optic,Electronic check,3,74.95,212.4,0,No,No
4713-LZDRV,0.9244829703548976,ALTO,Antigüedad,Antigüedad | Tipo de contrato: mes a mes | Cargo acumulado,Month-to-month,Fiber optic,Electronic check,2,79.6,195.05,1,No,No
2867-UIMSS,0.9238614788247704,ALTO,Antigüedad,Antigüedad | Cargo acumulado | Tipo de contrato: mes a mes,Month-to-month,Fiber optic,Electronic check,1,80.5,80.5,0,No,No
3006-XIMLN,0.9182166560810593,ALTO,Antigüedad,Antigüedad | Tipo de contrato: mes a mes | Servicio de internet: fibra óptica,Month-to-month,Fiber optic,Bank transfer (automatic),2,94.2,193.8,0,No,Yes
6372-RFVNS,0.9161288181027618,ALTO,Antigüedad,Antigüedad | Cargo acumulado | Tipo de contrato: mes a mes,Month-to-month,Fiber optic,Electronic check,1,78.8,78.8,0,Yes,No
8752-STIVR,0.9151766383825244,ALTO,Antigüedad,Antigüedad | Tipo de contrato: mes a mes | Servicio de internet: fibra óptica,Month-to-month,Fiber optic,Electronic check,4,79.0,303.15,0,No,No
3707-GNWHM,0.9103105108327784,ALTO,Antigüedad,Antigüedad | Tipo de contrato: mes a mes | Cargo acumulado,Month-to-month,Fiber optic,Mailed check,1,74.25,74.25,0,No,No
6328-ZPBGN,0.9087489873414578,ALTO,Tipo de contrato: mes a mes,Tipo de contrato: mes a mes | Servicio de internet: fibra óptica | Antigüedad,Month-to-month,Fiber optic,Bank transfer (automatic),11,95.15,997.65,1,No,No
2034-GDRCN,0.9076743679520924,ALTO,Antigüedad,Antigüedad | Tipo de contrato: mes a mes | Servicio de internet: fibra óptica,Month-to-month,Fiber optic,Electronic check,2,90.4,168.2,0,No,No
1751-NCDLI,0.9076421110198726,ALTO,Tipo de contrato: mes a mes,Tipo de contrato: mes a mes | Antigüedad | Servicio de internet: fibra óptica,Month-to-month,Fiber optic,Electronic check,46,98.85,4564.9,1,Yes,No
3320-VEOYC,0.9075098704411811,ALTO,Servicio de internet: fibra óptica,Servicio de internet: fibra óptica | Tipo de contrato: mes a mes | Cargo acumulado,Month-to-month,Fiber optic,Electronic check,14,95.6,1273.3,1,No,No
2609-IAICY,0.9074399528936086,ALTO,Antigüedad,Antigüedad | Tipo de contrato: mes a mes | Cargo acumulado,Month-to-month,Fiber optic,Electronic check,1,77.15,77.15,0,No,No
7817-BOQPW,0.9022393947300047,ALTO,Antigüedad,Antigüedad | Tipo de contrato: mes a mes | Servicio de internet: fibra óptica,Month-to-month,Fiber optic,Electronic check,2,75.55,166.3,0,No,No
7180-PISOG,0.8996160050320267,ALTO,Antigüedad,Antigüedad | Tipo de contrato: mes a mes | Cargo acumulado,Month-to-month,Fiber optic,Electronic check,1,74.5,74.5,0,Yes,Yes
6857-VWJDT,0.8988458379393641,ALTO,Antigüedad,Antigüedad | Tipo de contrato: mes a mes | Servicio de internet: fibra óptica,Month-to-month,Fiber optic,Mailed check,1,95.65,95.65,0,No,No
6230-BSUXY,0.8961575835291533,ALTO,Antigüedad,Antigüedad | Tipo de contrato: mes a mes | Cargo acumulado,Month-to-month,Fiber optic,Electronic check,1,85.0,85.0,1,No,No
2202-CUYXZ,0.8941647536364331,ALTO,Antigüedad,Antigüedad | Tipo de contrato: mes a mes | Cargo acumulado,Month-to-month,Fiber optic,Electronic check,1,84.85,84.85,0,No,No
1768-ZAIFU,0.8923511966441955,ALTO,Antigüedad,Antigüedad | Cargo acumulado | Tipo de contrato: mes a mes,Month-to-month,DSL,Electronic check,1,25.2,25.2,1,No,No
5196-SGOAK,0.8908127564099533,ALTO,Antigüedad,Antigüedad | Tipo de contrato: mes a mes | Cargo acumulado,Month-to-month,Fiber optic,Electronic check,1,75.7,75.7,0,No,No
4342-HENTK,0.8871485947439961,ALTO,Antigüedad,Antigüedad | Tipo de contrato: mes a mes | Servicio de internet: fibra óptica,Month-to-month,Fiber optic,Electronic check,2,70.65,142.35,1,No,No
8380-PEFPE,0.8866049987858844,ALTO,Antigüedad,Antigüedad | Tipo de contrato: mes a mes | Cargo acumulado,Month-to-month,Fiber optic,Electronic check,1,71.65,71.65,0,No,Yes
1320-HTRDR,0.8836436945276009,ALTO,Antigüedad,Antigüedad | Tipo de contrato: mes a mes | Servicio de internet: fibra óptica,Month-to-month,Fiber optic,Electronic check,3,75.5,220.6,0,No,No
7249-WBIYX,0.8829381161896154,ALTO,Servicio de internet: fibra óptica,Servicio de internet: fibra óptica | Tipo de contrato: mes a mes | Antigüedad,Month-to-month,Fiber optic,Electronic check,10,85.6,813.85,0,Yes,No
2865-TCHJW,0.8805386767385014,ALTO,Antigüedad,Antigüedad | Tipo de contrato: mes a mes | Servicio de internet: fibra óptica,Month-to-month,Fiber optic,Electronic check,4,89.2,346.2,1,No,No
4587-VVTOX,0.8792301037910784,ALTO,Servicio de internet: fibra óptica,Servicio de internet: fibra óptica | Tipo de contrato: mes a mes | Antigüedad,Month-to-month,Fiber optic,Electronic check,6,105.3,545.2,0,Yes,No
8739-XNIKG,0.8791622518642671,ALTO,Antigüedad,Antigüedad | Tipo de contrato: mes a mes | Servicio de internet: fibra óptica,Month-to-month,Fiber optic,Electronic check,5,84.0,424.75,0,No,No
8622-ZLFKO,0.878804852245169,ALTO,Antigüedad,Antigüedad | Servicio de internet: fibra óptica | Tipo de contrato: mes a mes,Month-to-month,Fiber optic,Electronic check,6,90.75,512.25,0,Yes,No
8083-YTZES,0.8782186596178669,ALTO,Antigüedad,Antigüedad | Tipo de contrato: mes a mes | Servicio de internet: fibra óptica,Month-to-month,Fiber optic,Electronic check,4,74.35,265.35,0,No,No
4927-WWOOZ,0.876883711005152,ALTO,Antigüedad,Antigüedad | Tipo de contrato: mes a mes | Servicio de internet: fibra óptica,Month-to-month,Fiber optic,Electronic check,2,91.45,171.45,0,Yes,No
6630-UJZMY,0.8726053093862683,ALTO,Antigüedad,Antigüedad | Tipo de contrato: mes a mes | Servicio de internet: fibra óptica,Month-to-month,Fiber optic,Electronic check,4,83.25,308.05,1,Yes,No
1400-MMYXY,0.8716483756145957,ALTO,Antigüedad,Antigüedad | Tipo de contrato: mes a mes | Servicio de internet: fibra óptica,Month-to-month,Fiber optic,Electronic check,3,105.9,334.65,1,Yes,No
0679-IDSTG,0.8713439429046435,ALTO,Antigüedad,Antigüedad | Cargo acumulado | Tipo de contrato: mes a mes,Month-to-month,Fiber optic,Electronic check,1,69.25,69.25,1,Yes,Yes
7273-TEFQD,0.8690388019914596,ALTO,Antigüedad,Antigüedad | Tipo de contrato: mes a mes | Seguridad en línea: no,Month-to-month,DSL,Electronic check,3,41.15,132.2,1,No,No
6856-RAURS,0.8679748218540055,ALTO,Antigüedad,Antigüedad | Tipo de contrato: mes a mes | Servicio de internet: fibra óptica,Month-to-month,Fiber optic,Mailed check,2,74.9,136.05,0,No,No
8775-ERLNB,0.8679747786343878,ALTO,Antigüedad,Antigüedad | Tipo de contrato: mes a mes | Cargo acumulado,Month-to-month,Fiber optic,Electronic check,1,74.3,74.3,1,Yes,No
7409-KIUTL,0.8677892344731016,ALTO,Antigüedad,Antigüedad | Tipo de contrato: mes a mes | Cargo acumulado,Month-to-month,Fiber optic,Electronic check,1,71.0,71.0,1,No,Yes
2959-MJHIC,0.8663985824455768,ALTO,Tipo de contrato: mes a mes,Tipo de contrato: mes a mes | Antigüedad | Servicio de internet: fibra óptica,Month-to-month,Fiber optic,Electronic check,4,80.35,307.4,0,Yes,No
5376-DEQCP,0.8655339643686915,ALTO,Antigüedad,Antigüedad | Tipo de contrato: mes a mes | Cargo acumulado,Month-to-month,Fiber optic,Electronic check,1,70.6,70.6,0,No,No
5167-ZFFMM,0.8650880499059419,ALTO,Antigüedad,Antigüedad | Tipo de contrato: mes a mes | Cargo acumulado,Month-to-month,Fiber optic,Credit card (automatic),1,90.85,90.85,0,No,No
3519-ZKXGG,0.864890728731098,ALTO,Antigüedad,Antigüedad | Tipo de contrato: mes a mes | Servicio de internet: fibra óptica,Month-to-month,Fiber optic,Electronic check,3,75.85,256.6,0,Yes,No
9611-CTWIH,0.8638486961798342,ALTO,Antigüedad,Antigüedad | Tipo de contrato: mes a mes | Servicio de internet: fibra óptica,Month-to-month,Fiber optic,Electronic check,3,89.45,240.45,0,No,No
5442-BHQNG,0.8618167099074961,ALTO,Antigüedad,Antigüedad | Tipo de contrato: mes a mes | Servicio de internet: fibra óptica,Month-to-month,Fiber optic,Electronic check,2,70.35,139.25,0,No,No
3677-IYRBF,0.8599451636252733,ALTO,Antigüedad,Antigüedad | Tipo de contrato: mes a mes | Cargo acumulado,Month-to-month,DSL,Electronic check,2,30.4,78.65,1,No,No
9507-EXLTT,0.8583208803677779,ALTO,Antigüedad,Antigüedad | Cargo acumulado | Tipo de contrato: mes a mes,Month-to-month,Fiber optic,Bank transfer (automatic),1,79.35,79.35,0,Yes,No
2495-INZWQ,0.8573931081385869,ALTO,Antigüedad,Antigüedad | Tipo de contrato: mes a mes | Seguridad en línea: no,Month-to-month,DSL,Electronic check,4,44.55,174.3,0,No,No
8443-ZRDBZ,0.8560028824438713,ALTO,Antigüedad,Antigüedad | Tipo de contrato: mes a mes | Servicio de internet: fibra óptica,Month-to-month,Fiber optic,Electronic check,4,76.05,318.9,0,No,No
6979-ZNSFF,0.8551828660664152,ALTO,Tipo de contrato: mes a mes,Tipo de contrato: mes a mes | Servicio de internet: fibra óptica | Antigüedad,Month-to-month,Fiber optic,Electronic check,8,87.05,762.1,0,No,No
0970-ETWGE,0.8539493924481469,ALTO,Antigüedad,Antigüedad | Tipo de contrato: mes a mes | Servicio de internet: fibra óptica,Month-to-month,Fiber optic,Electronic check,1,89.55,89.55,0,No,No
5186-SAMNZ,0.8526766259571669,ALTO,Antigüedad,Antigüedad | Cargo acumulado | Tipo de contrato: mes a mes,Month-to-month,Fiber optic,Bank transfer (automatic),1,69.5,69.5,1,No,No
1628-BIZYP,0.850445611108552,ALTO,Antigüedad,Antigüedad | Tipo de contrato: mes a mes | Cargo acumulado,Month-to-month,Fiber optic,Electronic check,1,85.0,85.0,0,No,No
2254-DLXRI,0.8493528678639706,ALTO,Antigüedad,Antigüedad | Tipo de contrato: mes a mes | Cargo acumulado,Month-to-month,Fiber optic,Mailed check,1,79.15,79.15,0,No,No
7952-OBOYL,0.8492520826011647,ALTO,Antigüedad,Antigüedad | Servicio de internet: fibra óptica | Tipo de contrato: mes a mes,Month-to-month,Fiber optic,Mailed check,3,89.85,244.45,0,No,No
3722-WPXTK,0.8491783868002346,ALTO,Antigüedad,Antigüedad | Tipo de contrato: mes a mes | Servicio de internet: fibra óptica,Month-to-month,Fiber optic,Electronic check,1,88.35,88.35,0,No,No
7278-CKDNC,0.8490986261656769,ALTO,Tipo de contrato: mes a mes,Tipo de contrato: mes a mes | Método de pago: cheque electrónico | Servicio de internet: fibra óptica,Month-to-month,Fiber optic,Electronic check,24,80.5,2088.45,1,No,No
7181-BQYBV,0.8478685711843903,ALTO,Antigüedad,Antigüedad | Tipo de contrato: mes a mes | Seguridad en línea: no,Month-to-month,Fiber optic,Electronic check,1,102.45,102.45,0,Yes,Yes
4445-ZJNMU,0.8470811538841063,ALTO,Servicio de internet: fibra óptica,Servicio de internet: fibra óptica | Tipo de contrato: mes a mes | Antigüedad,Month-to-month,Fiber optic,Credit card (automatic),9,99.3,918.75,0,No,No
9334-GWGOW,0.8461814734014798,ALTO,Tipo de contrato: mes a mes,Tipo de contrato: mes a mes | Servicio de internet: fibra óptica | Antigüedad,Month-to-month,Fiber optic,Electronic check,7,74.85,485.25,1,Yes,No
4735-ASGMA,0.8458649465104858,ALTO,Tipo de contrato: mes a mes,Tipo de contrato: mes a mes | Servicio de internet: fibra óptica | Antigüedad,Month-to-month,Fiber optic,Electronic check,26,98.35,2515.3,0,No,No
0390-DCFDQ,0.8454735172385229,ALTO,Antigüedad,Antigüedad | Tipo de contrato: mes a mes | Cargo acumulado,Month-to-month,Fiber optic,Mailed check,1,70.45,70.45,1,Yes,No
4229-CZMLL,0.8452839930365196,ALTO,Tipo de contrato: mes a mes,Tipo de contrato: mes a mes | Antigüedad | Servicio de internet: fibra óptica,Month-to-month,Fiber optic,Electronic check,6,74.9,469.8,0,No,No
3422-LYEPQ,0.8447109590592629,ALTO,Antigüedad,Antigüedad | Tipo de contrato: mes a mes | Cargo acumulado,Month-to-month,Fiber optic,Electronic check,1,71.0,71.0,0,Yes,Yes
5052-PNLOS,0.8444219176860289,ALTO,Antigüedad,Antigüedad | Servicio de internet: fibra óptica | Tipo de contrato: mes a mes,Month-to-month,Fiber optic,Bank transfer (automatic),3,105.35,323.25,0,No,No
1980-KXVPM,0.843404060326392,ALTO,Antigüedad,Antigüedad | Tipo de contrato: mes a mes | Servicio de internet: fibra óptica,Month-to-month,Fiber optic,Credit card (automatic),3,75.05,256.25,1,No,No
7198-GLXTC,0.8433466772351632,ALTO,Antigüedad,Antigüedad | Tipo de contrato: mes a mes | Servicio de internet: fibra óptica,Month-to-month,Fiber optic,Electronic check,2,79.0,143.65,0,No,No
1448-PWKYE,0.8431341191003661,ALTO,Antigüedad,Antigüedad | Tipo de contrato: mes a mes | Cargo acumulado,Month-to-month,Fiber optic,Electronic check,1,80.0,80.0,0,Yes,Yes
8361-LTMKD,0.8425247788600223,ALTO,Antigüedad,Antigüedad | Tipo de contrato: mes a mes | Servicio de internet: fibra óptica,Month-to-month,Fiber optic,Mailed check,4,74.4,306.6,1,Yes,No
3585-ISXZP,0.8367533663599228,ALTO,Servicio de internet: fibra óptica,Servicio de internet: fibra óptica | Antigüedad | Tipo de contrato: mes a mes,Month-to-month,Fiber optic,Bank transfer (automatic),8,95.65,778.1,0,No,No
1853-UDXBW,0.8321587968289412,ALTO,Antigüedad,Antigüedad | Tipo de contrato: mes a mes | Cargo acumulado,Month-to-month,Fiber optic,Electronic check,1,70.0,70.0,0,Yes,Yes
8699-ASUFO,0.8308028992240655,ALTO,Servicio de internet: fibra óptica,Servicio de internet: fibra óptica | Tipo de contrato: mes a mes | Antigüedad,Month-to-month,Fiber optic,Mailed check,7,74.4,527.9,1,Yes,No
0235-KGSLC,0.8272733888161747,ALTO,Antigüedad,Antigüedad | Tipo de contrato: mes a mes | Cargo acumulado,Month-to-month,Fiber optic,Credit card (automatic),1,85.55,85.55,0,No,No
0685-MLYYM,0.8268328387433612,ALTO,Antigüedad,Antigüedad | Tipo de contrato: mes a mes | Seguridad en línea: no,Month-to-month,Fiber optic,Electronic check,2,70.75,154.85,1,No,No
6969-MVBAI,0.8259924229581475,ALTO,Tipo de contrato: mes a mes,Tipo de contrato: mes a mes | Servicio de internet: fibra óptica | Antigüedad,Month-to-month,Fiber optic,Electronic check,9,90.1,816.8,1,No,No
8650-RHRKE,0.8236992255334176,ALTO,Antigüedad,Antigüedad | Tipo de contrato: mes a mes | Seguridad en línea: no,Month-to-month,DSL,Electronic check,4,29.65,118.5,0,No,No
7363-QTBIW,0.8224570702076596,ALTO,Tipo de contrato: mes a mes,Tipo de contrato: mes a mes | Servicio de internet: fibra óptica | Antigüedad,Month-to-month,Fiber optic,Electronic check,9,79.75,769.1,0,Yes,No
2439-LYPMQ,0.8157955405524528,ALTO,Tipo de contrato: mes a mes,Tipo de contrato: mes a mes | Servicio de internet: fibra óptica | Antigüedad,Month-to-month,Fiber optic,Electronic check,38,102.6,4009.2,1,Yes,No
8709-KRDVL,0.8148898115442672,ALTO,Tipo de contrato: mes a mes,Tipo de contrato: mes a mes | Antigüedad | Servicio de internet: fibra óptica,Month-to-month,Fiber optic,Electronic check,33,100.0,3320.6,0,No,No
2485-ITVKB,0.8138639406464996,ALTO,Antigüedad,Antigüedad | Cargo acumulado | Tipo de contrato: mes a mes,Month-to-month,DSL,Electronic check,2,35.1,68.75,0,Yes,No
2027-FECZV,0.8136364199974887,ALTO,Servicio de internet: fibra óptica,Servicio de internet: fibra óptica | Tipo de contrato: mes a mes | Seguridad en línea: no,Month-to-month,Fiber optic,Electronic check,12,106.7,1253.9,0,No,No
8873-GLDMH,0.8130973497205186,ALTO,Antigüedad,Antigüedad | Tipo de contrato: mes a mes | Servicio de internet: fibra óptica,Month-to-month,Fiber optic,Mailed check,6,73.85,401.3,0,No,No
7235-NXZCP,0.811802183846647,ALTO,Antigüedad,Antigüedad | Tipo de contrato: mes a mes | Servicio de internet: fibra óptica,Month-to-month,Fiber optic,Mailed check,2,74.85,156.4,1,No,No
2077-MPJQO,0.8105005235040794,ALTO,Tipo de contrato: mes a mes,Tipo de contrato: mes a mes | Servicio de internet: fibra óptica | Antigüedad,Month-to-month,Fiber optic,Electronic check,7,75.4,533.05,1,Yes,No
9221-OTIVJ,0.809937686202471,ALTO,Tipo de contrato: mes a mes,Tipo de contrato: mes a mes | Servicio de internet: fibra óptica | Cargo acumulado,Month-to-month,Fiber optic,Electronic check,14,104.85,1531.4,1,No,No
9878-TNQGW,0.8092578133336477,ALTO,Antigüedad,Antigüedad | Tipo de contrato: mes a mes | Seguridad en línea: no,Month-to-month,Fiber optic,Electronic check,2,80.95,171.15,0,No,No
8739-WWKDU,0.8081334937134398,ALTO,Tipo de contrato: mes a mes,Tipo de contrato: mes a mes | Servicio de internet: fibra óptica | Método de pago: cheque electrónico,Month-to-month,Fiber optic,Electronic check,25,89.5,2196.15,1,No,No
6608-QQLVK,0.8076684259260092,ALTO,Antigüedad,Antigüedad | Cargo acumulado | Tipo de contrato: mes a mes,Month-to-month,DSL,Electronic check,1,50.5,50.5,0,No,No
5501-TVMGM,0.8076458541848827,ALTO,Antigüedad,Antigüedad | Cargo acumulado | Tipo de contrato: mes a mes,Month-to-month,DSL,Electronic check,1,55.25,55.25,0,No,No
0616-ATFGB,0.8066580730171793,ALTO,Antigüedad,Antigüedad | Cargo acumulado | Tipo de contrato: mes a mes,Month-to-month,DSL,Electronic check,1,25.05,25.05,1,Yes,No
9643-AVVWI,0.8043627166669981,ALTO,Antigüedad,Antigüedad | Tipo de contrato: mes a mes | Servicio de internet: fibra óptica,Month-to-month,Fiber optic,Electronic check,3,80.0,241.3,0,Yes,Yes
4817-VYYWS,0.8028766295571875,ALTO,Tipo de contrato: mes a mes,Tipo de contrato: mes a mes | Antigüedad | Servicio de internet: fibra óptica,Month-to-month,Fiber optic,Electronic check,30,100.2,2983.8,0,No,No
5698-BQJOH,0.8025809997296822,ALTO,Antigüedad,Antigüedad | Tipo de contrato: mes a mes | Servicio de internet: fibra óptica,Month-to-month,Fiber optic,Electronic check,9,94.4,857.25,0,No,No
6543-XRMYR,0.7992417734358916,ALTO,Tipo de contrato: mes a mes,Tipo de contrato: mes a mes | Antigüedad | Servicio de internet: fibra óptica,Month-to-month,Fiber optic,Electronic check,30,99.7,2967.35,1,No,No
5382-SOYZL,0.7983006897426173,ALTO,Servicio de internet: fibra óptica,Servicio de internet: fibra óptica | Tipo de contrato: mes a mes | Cargo acumulado,Month-to-month,Fiber optic,Electronic check,22,95.1,2162.6,0,No,No
1240-KNSEZ,0.7981820275663161,ALTO,Cargo acumulado,Cargo acumulado | Antigüedad | Tipo de contrato: mes a mes,Month-to-month,No,Mailed check,1,20.1,20.1,0,No,No
2754-SDJRD,0.7980552974399918,ALTO,Tipo de contrato: mes a mes,Tipo de contrato: mes a mes | Servicio de internet: fibra óptica | Antigüedad,Month-to-month,Fiber optic,Credit card (automatic),8,100.15,908.55,1,No,No
6910-HADCM,0.7974932901463861,ALTO,Antigüedad,Antigüedad | Tipo de contrato: mes a mes | Cargo acumulado,Month-to-month,Fiber optic,Electronic check,1,76.35,76.35,0,No,No
2845-HSJCY,0.7965771971187612,ALTO,Tipo de contrato: mes a mes,Tipo de contrato: mes a mes | Servicio de internet: fibra óptica | Seguridad en línea: no,Month-to-month,Fiber optic,Electronic check,14,87.25,1258.6,0,Yes,Yes
6821-BUXUX,0.7935913080563571,ALTO,Tipo de contrato: mes a mes,Tipo de contrato: mes a mes | Servicio de internet: fibra óptica | Seguridad en línea: no,Month-to-month,Fiber optic,Electronic check,13,96.65,1244.5,0,No,No
6137-NICCO,0.7929431659576752,ALTO,Antigüedad,Antigüedad | Servicio de internet: fibra óptica | Tipo de contrato: mes a mes,Month-to-month,Fiber optic,Mailed check,6,94.05,518.75,0,Yes,Yes
5419-CONWX,0.7909198126482166,ALTO,Antigüedad,Antigüedad | Tipo de contrato: mes a mes | Servicio de internet: fibra óptica,Month-to-month,Fiber optic,Credit card (automatic),4,99.8,442.85,1,No,No
2665-NPTGL,0.7901179865851506,ALTO,Tipo de contrato: mes a mes,Tipo de contrato: mes a mes | Servicio de internet: fibra óptica | Antigüedad,Month-to-month,Fiber optic,Bank transfer (automatic),26,98.1,2510.7,1,Yes,No
8821-XNHVZ,0.7895853293509686,ALTO,Antigüedad,Antigüedad | Tipo de contrato: mes a mes | Cargo acumulado,Month-to-month,Fiber optic,Mailed check,1,80.05,80.05,0,Yes,Yes
5133-POWUA,0.7830574744321878,ALTO,Antigüedad,Antigüedad | Cargo acumulado | Tipo de contrato: mes a mes,Month-to-month,DSL,Mailed check,1,45.8,45.8,0,No,No
6680-WKXRZ,0.7829530997690797,ALTO,Antigüedad,Antigüedad | Tipo de contrato: mes a mes | Servicio de internet: fibra óptica,Month-to-month,Fiber optic,Bank transfer (automatic),3,74.4,215.8,0,No,No
4237-RLAQD,0.7807749181817116,ALTO,Antigüedad,Antigüedad | Cargo acumulado | Tipo de contrato: mes a mes,Month-to-month,DSL,Mailed check,1,45.85,45.85,0,No,No
5628-FCGYG,0.7796150995555692,ALTO,Cargo acumulado,Cargo acumulado | Tipo de contrato: mes a mes | Servicio de internet: fibra óptica,Month-to-month,Fiber optic,Electronic check,21,84.1,1737.45,0,No,No
7209-JCUDS,0.7796129394451301,ALTO,Servicio de internet: fibra óptica,Servicio de internet: fibra óptica | Tipo de contrato: mes a mes | Antigüedad,Month-to-month,Fiber optic,Electronic check,10,94.9,1048.85,0,No,No
9747-DDZOS,0.7772056041902956,ALTO,Antigüedad,Antigüedad | Cargo acumulado | Tipo de contrato: mes a mes,Month-to-month,Fiber optic,Bank transfer (automatic),1,73.5,73.5,0,No,No
8245-UMPYT,0.7752868849165248,ALTO,Cargo acumulado,Cargo acumulado | Tipo de contrato: mes a mes | Servicio de internet: fibra óptica,Month-to-month,Fiber optic,Electronic check,16,96.4,1581.2,1,No,No
5380-WJKOV,0.7752774800433438,ALTO,Antigüedad,Antigüedad | Tipo de contrato: mes a mes | Servicio de internet: fibra óptica,Month-to-month,Fiber optic,Electronic check,34,106.35,3549.25,0,No,No
8280-MQRQN,0.7743732931685392,ALTO,Antigüedad,Antigüedad | Cargo acumulado | Tipo de contrato: mes a mes,Month-to-month,DSL,Mailed check,1,50.45,50.45,0,No,No
8397-MVTAZ,0.7740920919947656,ALTO,Antigüedad,Antigüedad | Cargo acumulado | Tipo de contrato: mes a mes,Month-to-month,Fiber optic,Electronic check,34,100.05,3480.0,0,Yes,No
0322-CHQRU,0.7740573395523453,ALTO,Antigüedad,Antigüedad | Tipo de contrato: mes a mes | Seguridad en línea: no,Month-to-month,DSL,Electronic check,2,45.35,89.5,0,No,No
7571-YXDAD,0.7725383436170771,ALTO,Antigüedad,Antigüedad | Tipo de contrato: mes a mes | Seguridad en línea: no,Month-to-month,Fiber optic,Credit card (automatic),2,74.9,147.15,0,No,No
6899-PPEEA,0.7712611424010797,ALTO,Antigüedad,Antigüedad | Tipo de contrato: mes a mes | Cargo acumulado,Month-to-month,Fiber optic,Electronic check,37,96.55,3580.3,1,No,No
5159-YFPKQ,0.7674107547662163,ALTO,Antigüedad,Antigüedad | Tipo de contrato: mes a mes | Seguridad en línea: no,Month-to-month,Fiber optic,Electronic check,2,75.8,160.75,0,No,No
9940-RHLFB,0.7670596088416853,ALTO,Antigüedad,Antigüedad | Tipo de contrato: mes a mes | Cargo acumulado,Month-to-month,Fiber optic,Electronic check,1,75.3,75.3,0,No,No
3244-DCJWY,0.7669098804224018,ALTO,Antigüedad,Antigüedad | Tipo de contrato: mes a mes | Cargo mensual,Month-to-month,Fiber optic,Electronic check,1,70.25,70.25,0,No,No
7130-VTEWQ,0.7662773075044506,ALTO,Tipo de contrato: mes a mes,Tipo de contrato: mes a mes | Servicio de internet: fibra óptica | Antigüedad,Month-to-month,Fiber optic,Electronic check,8,75.75,606.25,1,No,No
1731-TVIUK,0.7660230105810122,ALTO,Antigüedad,Antigüedad | Tipo de contrato: mes a mes | Servicio de internet: fibra óptica,Month-to-month,Fiber optic,Electronic check,4,93.5,362.2,0,No,No
4806-KEXQR,0.7646699258237443,ALTO,Antigüedad,Antigüedad | Tipo de contrato: mes a mes | Servicio de internet: fibra óptica,Month-to-month,Fiber optic,Electronic check,4,79.9,324.3,0,No,No
7587-RZNME,0.7605124714915674,ALTO,Antigüedad,Antigüedad | Tipo de contrato: mes a mes | Método de pago: cheque electrónico,Month-to-month,DSL,Electronic check,3,43.3,123.65,0,No,No
0871-URUWO,0.7599721001863792,ALTO,Servicio de internet: fibra óptica,Servicio de internet: fibra óptica | Tipo de contrato: mes a mes | Método de pago: tarjeta de crédito automática,Month-to-month,Fiber optic,Credit card (automatic),13,102.25,1359.0,0,Yes,No
4706-AXVKM,0.7586949229046046,ALTO,Tipo de contrato: mes a mes,Tipo de contrato: mes a mes | Servicio de internet: fibra óptica | Método de pago: tarjeta de crédito automática,Month-to-month,Fiber optic,Credit card (automatic),11,84.8,906.85,1,No,No
7495-OOKFY,0.7556836097669107,ALTO,Tipo de contrato: mes a mes,Tipo de contrato: mes a mes | Servicio de internet: fibra óptica | Antigüedad,Month-to-month,Fiber optic,Credit card (automatic),8,80.65,633.3,1,Yes,No
6166-ILMNY,0.754244652027339,ALTO,Antigüedad,Antigüedad | Tipo de contrato: mes a mes | Servicio de internet: fibra óptica,Month-to-month,Fiber optic,Bank transfer (automatic),2,69.75,144.55,0,No,No
0432-CAJZV,0.7529297623504883,ALTO,Antigüedad,Antigüedad | Servicio de internet: fibra óptica | Tipo de contrato: mes a mes,Month-to-month,Fiber optic,Mailed check,3,90.7,237.65,0,No,No
3063-QFSZL,0.7526440642903396,ALTO,Antigüedad,Antigüedad | Cargo acumulado | Tipo de contrato: mes a mes,Month-to-month,DSL,Electronic check,1,55.4,55.4,0,No,No
6376-GAHQE,0.7519543527310372,ALTO,Antigüedad,Antigüedad | Tipo de contrato: mes a mes | Servicio de internet: fibra óptica,Month-to-month,Fiber optic,Electronic check,4,77.85,299.2,0,No,No
2985-FMWYF,0.7499496688904731,ALTO,Tipo de contrato: mes a mes,Tipo de contrato: mes a mes | Antigüedad | Servicio de internet: fibra óptica,Month-to-month,Fiber optic,Electronic check,23,93.5,2341.55,0,No,No
7218-HKQFK,0.7498057434582166,ALTO,Antigüedad,Antigüedad | Soporte técnico: no | Tipo de contrato: mes a mes,Month-to-month,Fiber optic,Electronic check,2,94.2,167.5,0,Yes,No
3721-CNEYS,0.7488332979319433,ALTO,Antigüedad,Antigüedad | Tipo de contrato: mes a mes | Servicio de internet: fibra óptica,Month-to-month,Fiber optic,Electronic check,2,70.95,137.95,0,No,No
7005-CCBKV,0.7478459048444958,ALTO,Servicio de internet: fibra óptica,Servicio de internet: fibra óptica | Tipo de contrato: mes a mes | Antigüedad,Month-to-month,Fiber optic,Electronic check,6,84.4,556.35,0,No,No
4678-DVQEO,0.7463667015520681,ALTO,Antigüedad,Antigüedad | Tipo de contrato: mes a mes | Cargo acumulado,Month-to-month,DSL,Electronic check,1,52.2,52.2,0,No,No
5357-TZHPP,0.7462408839779877,ALTO,Tipo de contrato: mes a mes,Tipo de contrato: mes a mes | Servicio de internet: fibra óptica | Método de pago: tarjeta de crédito automática,Month-to-month,Fiber optic,Credit card (automatic),9,84.4,732.5,1,No,No
1833-TCXKK,0.7460269328683875,ALTO,Tipo de contrato: mes a mes,Tipo de contrato: mes a mes | Antigüedad | Servicio de internet: fibra óptica,Month-to-month,Fiber optic,Bank transfer (automatic),45,107.75,4882.8,0,Yes,No
6651-AZVTJ,0.7459060053848657,ALTO,Antigüedad,Antigüedad | Tipo de contrato: mes a mes | Cargo acumulado,Month-to-month,Fiber optic,Electronic check,49,99.8,4872.45,0,Yes,Yes
4512-ZUIYL,0.7454623168673651,ALTO,Antigüedad,Antigüedad | Tipo de contrato: mes a mes | Servicio de internet: fibra óptica,Month-to-month,Fiber optic,Bank transfer (automatic),2,70.0,153.05,0,No,No
8676-TRMJS,0.7454273787845972,ALTO,Antigüedad,Antigüedad | Tipo de contrato: mes a mes | Seguridad en línea: no,Month-to-month,Fiber optic,Mailed check,3,75.0,209.1,0,No,No
9279-CJEOJ,0.7446310570474841,ALTO,Tipo de contrato: mes a mes,Tipo de contrato: mes a mes | Cargo acumulado | Servicio de internet: fibra óptica,Month-to-month,Fiber optic,Bank transfer (automatic),21,95.4,2025.1,1,No,No
4115-NZRKS,0.7421876429474931,ALTO,Tipo de contrato: mes a mes,Tipo de contrato: mes a mes | Servicio de internet: fibra óptica | Antigüedad,Month-to-month,Fiber optic,Electronic check,7,89.15,574.35,1,No,No
3030-YDNRM,0.7419211885713987,ALTO,Tipo de contrato: mes a mes,Tipo de contrato: mes a mes | Servicio de internet: fibra óptica | Método de pago: cheque electrónico,Month-to-month,Fiber optic,Electronic check,8,74.85,572.45,0,No,No
1867-BDVFH,0.741728007045359,ALTO,Tipo de contrato: mes a mes,Tipo de contrato: mes a mes | Servicio de internet: fibra óptica | Método de pago: cheque electrónico,Month-to-month,Fiber optic,Electronic check,11,74.35,834.2,0,Yes,Yes
0388-EOPEX,0.7392008262822202,ALTO,Tipo de contrato: mes a mes,Tipo de contrato: mes a mes | Antigüedad | Seguridad en línea: no,Month-to-month,Fiber optic,Electronic check,2,74.4,139.4,0,Yes,No
8903-XEBGX,0.7376425540145026,ALTO,Antigüedad,Antigüedad | Cargo acumulado | Tipo de contrato: mes a mes,Month-to-month,DSL,Electronic check,2,55.3,108.65,0,No,Yes
2277-VWCNI,0.7364829010825721,ALTO,Antigüedad,Antigüedad | Tipo de contrato: mes a mes | Cargo acumulado,Month-to-month,DSL,Mailed check,4,48.75,179.85,1,No,No
1379-FRVEB,0.7351081601078746,ALTO,Tipo de contrato: mes a mes,Tipo de contrato: mes a mes | Servicio de internet: fibra óptica | Método de pago: cheque electrónico,Month-to-month,Fiber optic,Electronic check,15,91.0,1430.05,0,No,Yes
3292-PBZEJ,0.7344553789368061,ALTO,Servicio de internet: fibra óptica,Servicio de internet: fibra óptica | Tipo de contrato: mes a mes | Soporte técnico: no,Month-to-month,Fiber optic,Electronic check,11,111.4,1183.05,1,No,No
2386-LAHRK,0.7339807278257665,ALTO,Antigüedad,Antigüedad | Cargo acumulado | Tipo de contrato: mes a mes,Month-to-month,DSL,Mailed check,1,53.5,53.5,0,No,No
6892-XPFPU,0.7330573815328142,ALTO,Tipo de contrato: mes a mes,Tipo de contrato: mes a mes | Servicio de internet: fibra óptica | Cargo acumulado,Month-to-month,Fiber optic,Electronic check,24,104.25,2433.9,1,Yes,No
9576-ANLXO,0.7313728137276738,ALTO,Antigüedad,Antigüedad | Tipo de contrato: mes a mes | Cargo mensual,Month-to-month,Fiber optic,Bank transfer (automatic),3,69.55,222.3,0,No,No
2325-NBPZG,0.7313017927593957,ALTO,Antigüedad,Antigüedad | Tipo de contrato: mes a mes | Seguridad en línea: no,Month-to-month,Fiber optic,Electronic check,3,74.55,233.65,0,No,No
1024-GUALD,0.730831190367629,ALTO,Antigüedad,Antigüedad | Cargo acumulado | Tipo de contrato: mes a mes,Month-to-month,DSL,Electronic check,1,24.8,24.8,0,Yes,No
8778-LMWTJ,0.7298656815639022,ALTO,Tipo de contrato: mes a mes,Tipo de contrato: mes a mes | Seguridad en línea: no | Servicio de internet: fibra óptica,Month-to-month,Fiber optic,Electronic check,9,74.85,708.2,0,No,No
9840-DVNDC,0.7288632084198153,ALTO,Antigüedad,Antigüedad | Tipo de contrato: mes a mes | Servicio de internet: fibra óptica,Month-to-month,Fiber optic,Credit card (automatic),6,80.5,463.05,0,No,No
0376-YMCJC,0.7282891831908893,ALTO,Método de pago: cheque electrónico,Método de pago: cheque electrónico | Tipo de contrato: mes a mes | Servicio de internet: fibra óptica,Month-to-month,Fiber optic,Electronic check,23,90.6,1943.2,0,No,No
7056-IMHCC,0.7254606121487057,ALTO,Antigüedad,Antigüedad | Cargo acumulado | Tipo de contrato: mes a mes,Month-to-month,Fiber optic,Electronic check,53,101.9,5549.4,1,Yes,No
4706-DGAHW,0.7252917818734049,ALTO,Antigüedad,Antigüedad | Cargo acumulado | Tipo de contrato: mes a mes,Month-to-month,DSL,Electronic check,1,45.2,45.2,1,No,No
2800-QQUSO,0.7251207936920228,ALTO,Antigüedad,Antigüedad | Servicio de internet: fibra óptica | Soporte técnico: no,Month-to-month,Fiber optic,Electronic check,42,100.3,4222.95,0,No,No
1077-HUUJM,0.7238307868033949,ALTO,Tipo de contrato: mes a mes,Tipo de contrato: mes a mes | Servicio de internet: fibra óptica | Antigüedad,Month-to-month,Fiber optic,Electronic check,7,71.05,472.65,0,No,Yes
8080-DDEMJ,0.7206078515612023,ALTO,Antigüedad,Antigüedad | Tipo de contrato: mes a mes | Cargo acumulado,Month-to-month,DSL,Electronic check,1,45.1,45.1,1,No,No
8541-QVFKM,0.7195106520083813,ALTO,Tipo de contrato: mes a mes,Tipo de contrato: mes a mes | Servicio de internet: fibra óptica | Antigüedad,Month-to-month,Fiber optic,Electronic check,8,73.5,632.2,0,No,No
5480-HPRRX,0.7192468638553617,ALTO,Antigüedad,Antigüedad | Tipo de contrato: mes a mes | Adulto mayor,Month-to-month,DSL,Electronic check,3,25.3,77.75,1,No,No
6338-AVWCY,0.7185712434590792,ALTO,Antigüedad,Antigüedad | Tipo de contrato: mes a mes | Método de pago: cheque electrónico,Month-to-month,DSL,Mailed check,3,40.15,130.75,0,No,No
4223-WOZCM,0.7154431363218219,ALTO,Antigüedad,Antigüedad | Cargo acumulado | Tipo de contrato: mes a mes,Month-to-month,DSL,Mailed check,2,49.95,107.1,1,No,No
3672-YITQD,0.7134359187958497,ALTO,Antigüedad,Antigüedad | Tipo de contrato: mes a mes | Servicio de internet: fibra óptica,Month-to-month,Fiber optic,Electronic check,36,84.1,3021.6,1,Yes,No
1536-HBSWP,0.7130237505002482,ALTO,Antigüedad,Antigüedad | Tipo de contrato: mes a mes | Soporte técnico: no,Month-to-month,DSL,Electronic check,1,49.9,49.9,0,No,No
0749-IRGQE,0.7129230492904798,ALTO,Tipo de contrato: mes a mes,Tipo de contrato: mes a mes | Método de pago: cheque electrónico | Servicio de internet: fibra óptica,Month-to-month,DSL,Electronic check,13,45.3,528.45,1,Yes,No
4208-UFFGW,0.7118854020075416,ALTO,Antigüedad,Antigüedad | Cargo acumulado | Tipo de contrato: mes a mes,Month-to-month,DSL,Mailed check,2,44.95,85.15,1,No,No
9717-QEBGU,0.711481665158913,ALTO,Antigüedad,Antigüedad | Tipo de contrato: mes a mes | Cargo mensual,Month-to-month,Fiber optic,Electronic check,2,70.3,144.0,0,No,No
7410-YTJIK,0.7110943551046808,ALTO,Tipo de contrato: mes a mes,Tipo de contrato: mes a mes | Servicio de internet: fibra óptica | Antigüedad,Month-to-month,Fiber optic,Mailed check,7,75.45,480.75,0,No,No
3908-BLSYF,0.7107579076441449,ALTO,Antigüedad,Antigüedad | Tipo de contrato: mes a mes | Servicio de internet: fibra óptica,Month-to-month,Fiber optic,Electronic check,6,83.9,497.55,0,No,No
6000-APYLU,0.7105383717390198,ALTO,Tipo de contrato: mes a mes,Tipo de contrato: mes a mes | Servicio de internet: fibra óptica | Seguridad en línea: no,Month-to-month,Fiber optic,Electronic check,9,80.8,713.1,0,No,No
8132-YPVBX,0.7105134942279838,ALTO,Tipo de contrato: mes a mes,Tipo de contrato: mes a mes | Servicio de internet: fibra óptica | Antigüedad,Month-to-month,Fiber optic,Mailed check,6,85.95,514.6,0,No,No
3717-OEAUQ,0.7104238279036635,ALTO,Antigüedad,Antigüedad | Tipo de contrato: mes a mes | Seguridad en línea: no,Month-to-month,Fiber optic,Mailed check,2,70.7,129.2,0,No,No
4301-VVZKA,0.7093623654772326,ALTO,Tipo de contrato: mes a mes,Tipo de contrato: mes a mes | Servicio de internet: fibra óptica | Cargo acumulado,Month-to-month,Fiber optic,Electronic check,16,75.4,1189.4,0,Yes,No
4029-HPFVY,0.7089599512588766,ALTO,Antigüedad,Antigüedad | Tipo de contrato: mes a mes | Servicio de internet: fibra óptica,Month-to-month,Fiber optic,Mailed check,3,70.3,220.4,0,No,No
8266-VBFQL,0.7062012158277674,ALTO,Antigüedad,Antigüedad | Tipo de contrato: mes a mes | Soporte técnico: no,Month-to-month,Fiber optic,Electronic check,4,90.4,356.65,0,No,No
9741-YLNTD,0.7048025477701407,ALTO,Antigüedad,Antigüedad | Soporte técnico: no | Servicio de internet: fibra óptica,Month-to-month,Fiber optic,Bank transfer (automatic),6,87.95,522.35,0,No,No
5760-FXFVO,0.704642919400306,ALTO,Tipo de contrato: mes a mes,Tipo de contrato: mes a mes | Seguridad en línea: no | Servicio de internet: fibra óptica,Month-to-month,Fiber optic,Electronic check,6,78.95,494.95,0,No,No
6507-ZJSUR,0.7045136727068431,ALTO,Tipo de contrato: mes a mes,Tipo de contrato: mes a mes | Antigüedad | Servicio de internet: fibra óptica,Month-to-month,Fiber optic,Electronic check,23,90.45,2117.25,1,Yes,No
7912-SYRQT,0.704024205119406,ALTO,Tipo de contrato: mes a mes,Tipo de contrato: mes a mes | Servicio de internet: fibra óptica | Antigüedad,Month-to-month,Fiber optic,Bank transfer (automatic),7,75.1,552.95,0,No,No
9692-TUSXH,0.7039981331030222,ALTO,Tipo de contrato: mes a mes,Tipo de contrato: mes a mes | Servicio de internet: fibra óptica | Cargo acumulado,Month-to-month,Fiber optic,Electronic check,18,96.05,1740.7,0,No,No
5022-JNQEQ,0.7015383323429083,ALTO,Tipo de contrato: mes a mes,Tipo de contrato: mes a mes | Servicio de internet: fibra óptica | Antigüedad,Month-to-month,Fiber optic,Electronic check,9,75.85,647.5,0,Yes,Yes
1658-TJVOA,0.699708022180978,ALTO,Tipo de contrato: mes a mes,Tipo de contrato: mes a mes | Seguridad en línea: no | Antigüedad,Month-to-month,Fiber optic,Electronic check,6,74.1,450.9,1,No,No
0876-WDUUZ,0.699346687243148,ALTO,Antigüedad,Antigüedad | Tipo de contrato: mes a mes | Servicio de internet: fibra óptica,Month-to-month,Fiber optic,Credit card (automatic),5,85.4,425.9,0,No,No
9685-WKZGT,0.6988229466288423,ALTO,Tipo de contrato: mes a mes,Tipo de contrato: mes a mes | Servicio de internet: fibra óptica | Seguridad en línea: no,Month-to-month,Fiber optic,Electronic check,14,74.95,1036.75,1,No,No
7250-EQKIY,0.6988191466605688,ALTO,Antigüedad,Antigüedad | Cargo acumulado | Tipo de contrato: mes a mes,Month-to-month,DSL,Mailed check,1,50.45,50.45,0,Yes,Yes
6047-YHPVI,0.6986481415809053,ALTO,Tipo de contrato: mes a mes,Tipo de contrato: mes a mes | Antigüedad | Cargo mensual,Month-to-month,Fiber optic,Electronic check,5,69.7,316.9,0,No,No
3966-HRMZA,0.6983964411691969,ALTO,Antigüedad,Antigüedad | Tipo de contrato: mes a mes | Seguridad en línea: no,Month-to-month,Fiber optic,Mailed check,3,75.05,202.9,1,No,No
7029-RPUAV,0.6980674441355407,ALTO,Cargo acumulado,Cargo acumulado | Tipo de contrato: mes a mes | Servicio de internet: fibra óptica,Month-to-month,Fiber optic,Credit card (automatic),17,100.45,1622.45,1,Yes,No
2025-JKFWI,0.697553910745494,ALTO,Servicio de internet: fibra óptica,Servicio de internet: fibra óptica | Soporte técnico: no | Tipo de contrato: mes a mes,Month-to-month,Fiber optic,Mailed check,13,99.0,1301.7,0,No,No
2754-XBHTB,0.6971114762960374,ALTO,Tipo de contrato: mes a mes,Tipo de contrato: mes a mes | Servicio de internet: fibra óptica | Método de pago: cheque electrónico,Month-to-month,Fiber optic,Bank transfer (automatic),9,77.65,714.15,0,No,No
0958-YHXGP,0.6963983800664826,ALTO,Tipo de contrato: mes a mes,Tipo de contrato: mes a mes | Servicio de internet: fibra óptica | Antigüedad,Month-to-month,Fiber optic,Mailed check,7,69.9,497.3,0,No,No
3338-CVVEH,0.6938750235609705,ALTO,Facturación sin papel: no,Facturación sin papel: no | Servicio de internet: fibra óptica | Facturación sin papel: sí,Month-to-month,Fiber optic,Electronic check,12,94.55,1173.55,0,No,No
8445-DNBAE,0.6934379571199255,ALTO,Antigüedad,Antigüedad | Servicio de internet: fibra óptica | Tipo de contrato: mes a mes,Month-to-month,DSL,Electronic check,1,50.05,50.05,0,No,Yes
5331-RGMTT,0.6918305410879865,ALTO,Antigüedad,Antigüedad | Tipo de contrato: mes a mes | Cargo acumulado,Month-to-month,Fiber optic,Credit card (automatic),54,99.05,5295.7,1,Yes,No
6319-IEJWJ,0.6913521135290308,ALTO,Servicio de internet: fibra óptica,Servicio de internet: fibra óptica | Cargo acumulado | Tipo de contrato: mes a mes,Month-to-month,Fiber optic,Electronic check,20,90.2,1776.55,0,Yes,Yes
2761-OCIAX,0.6899451618600942,ALTO,Tipo de contrato: mes a mes,Tipo de contrato: mes a mes | Antigüedad | Servicio de internet: fibra óptica,Month-to-month,Fiber optic,Electronic check,2,74.7,165.4,1,No,No
6175-IRFIT,0.6891042493240279,ALTO,Antigüedad,Antigüedad | Servicio de internet: fibra óptica | Tipo de contrato: mes a mes,Month-to-month,Fiber optic,Mailed check,5,78.75,426.35,0,No,No
1335-NTIUC,0.6890355511591298,ALTO,Método de pago: cheque electrónico,Método de pago: cheque electrónico | Tipo de contrato: mes a mes | Cargo mensual,Month-to-month,DSL,Electronic check,9,24.95,190.25,0,No,No
9907-SWKKF,0.6867658059204658,ALTO,Antigüedad,Antigüedad | Cargo acumulado | Tipo de contrato: mes a mes,Month-to-month,DSL,Mailed check,1,25.05,25.05,1,No,No
4983-CCWMC,0.6848473916601897,ALTO,Antigüedad,Antigüedad | Tipo de contrato: mes a mes | Cargo mensual,Month-to-month,Fiber optic,Mailed check,3,69.6,207.4,0,No,No
4873-ILOLJ,0.684062627625501,ALTO,Antigüedad,Antigüedad | Tipo de contrato: mes a mes | Cargo acumulado,Month-to-month,Fiber optic,Electronic check,24,90.35,2238.5,0,No,No
3658-KIBGF,0.6834955958743757,ALTO,Antigüedad,Antigüedad | Tipo de contrato: mes a mes | Cargo acumulado,Month-to-month,DSL,Electronic check,1,54.9,54.9,0,No,No
7928-VJYAB,0.682387015693038,ALTO,Servicio de internet: fibra óptica,Servicio de internet: fibra óptica | Tipo de contrato: mes a mes | Seguridad en línea: no,Month-to-month,Fiber optic,Electronic check,11,90.6,1020.2,0,Yes,Yes
0506-LVNGN,0.6817809183009804,ALTO,Antigüedad,Antigüedad | Tipo de contrato: mes a mes | Método de pago: tarjeta de crédito automática,Month-to-month,Fiber optic,Credit card (automatic),5,75.55,349.65,1,No,No
9638-JIQYA,0.6792885957795938,ALTO,Antigüedad,Antigüedad | Cargo acumulado | Tipo de contrato: mes a mes,Month-to-month,DSL,Credit card (automatic),2,24.9,49.7,0,No,No
2860-RANUS,0.6792714438421578,ALTO,Cargo acumulado,Cargo acumulado | Tipo de contrato: mes a mes | Servicio de internet: fibra óptica,Month-to-month,Fiber optic,Credit card (automatic),20,85.8,1727.5,1,No,No
1016-DJTSV,0.6784316167849614,ALTO,Tipo de contrato: mes a mes,Tipo de contrato: mes a mes | Servicio de internet: fibra óptica | Cargo mensual,Month-to-month,Fiber optic,Electronic check,8,69.7,572.85,1,No,No
2919-HBCJO,0.6781338018562639,ALTO,Tipo de contrato: mes a mes,Tipo de contrato: mes a mes | Antigüedad | Servicio de internet: fibra óptica,Month-to-month,Fiber optic,Bank transfer (automatic),4,76.65,333.6,0,No,No
7748-UMTRK,0.677280945368769,ALTO,Tipo de contrato: mes a mes,Tipo de contrato: mes a mes | Servicio de internet: fibra óptica | Antigüedad,Month-to-month,Fiber optic,Electronic check,30,101.3,2974.5,1,No,Yes
3312-UUMZW,0.6763014600796807,ALTO,Antigüedad,Antigüedad | Tipo de contrato: mes a mes | Cargo acumulado,Month-to-month,Fiber optic,Credit card (automatic),32,98.85,3145.9,0,Yes,No
5692-FPTAH,0.6760837788888318,ALTO,Antigüedad,Antigüedad | Cargo acumulado | Tipo de contrato: mes a mes,Month-to-month,DSL,Mailed check,1,45.4,45.4,0,No,No
3334-CTHOL,0.67603425480215,ALTO,Antigüedad,Antigüedad | Cargo acumulado | Tipo de contrato: mes a mes,Month-to-month,DSL,Bank transfer (automatic),1,49.95,49.95,0,No,No
1522-VVDMG,0.6749796080684116,ALTO,Antigüedad,Antigüedad | Servicio de internet: fibra óptica | Tipo de contrato: mes a mes,Month-to-month,Fiber optic,Electronic check,7,89.75,608.8,0,Yes,Yes
7881-EVUAD,0.6729191723701835,ALTO,Antigüedad,Antigüedad | Seguridad en línea: no | Tipo de contrato: mes a mes,Month-to-month,DSL,Electronic check,2,42.6,72.4,0,No,No
5606-AMZBO,0.6728533331715739,ALTO,Tipo de contrato: mes a mes,Tipo de contrato: mes a mes | Servicio de internet: fibra óptica | Seguridad en línea: no,Month-to-month,Fiber optic,Credit card (automatic),10,78.15,765.15,0,Yes,No
6834-NXDCA,0.6708156012532571,ALTO,Método de pago: cheque electrónico,Método de pago: cheque electrónico | Tipo de contrato: mes a mes | Cargo mensual,Month-to-month,DSL,Electronic check,13,23.9,300.8,0,No,No
7861-UVUFT,0.6705245974497109,ALTO,Tipo de contrato: mes a mes,Tipo de contrato: mes a mes | Cargo acumulado | Servicio de internet: fibra óptica,Month-to-month,Fiber optic,Electronic check,15,84.3,1308.4,0,Yes,No
9420-LOJKX,0.6704603692942543,ALTO,Tipo de contrato: mes a mes,Tipo de contrato: mes a mes | Servicio de internet: fibra óptica | Seguridad en línea: no,Month-to-month,Fiber optic,Credit card (automatic),15,99.1,1426.4,0,No,No
6034-YMTOB,0.667850970495069,ALTO,Antigüedad,Antigüedad | Tipo de contrato: mes a mes | Servicio de internet: fibra óptica,Month-to-month,Fiber optic,Mailed check,5,75.65,399.45,0,No,No
7054-LGEQW,0.6663136448771143,ALTO,Antigüedad,Antigüedad | Cargo acumulado | Tipo de contrato: mes a mes,Month-to-month,DSL,Mailed check,1,45.95,45.95,0,No,No
3750-CKVKH,0.6657699990668078,ALTO,Cargo mensual,Cargo mensual | Antigüedad | Tipo de contrato: mes a mes,Month-to-month,Fiber optic,Electronic check,2,67.75,116.65,0,No,No
6158-HDPXZ,0.6653459108402681,ALTO,Antigüedad,Antigüedad | Cargo acumulado | Tipo de contrato: mes a mes,Month-to-month,DSL,Mailed check,1,25.35,25.35,0,No,No
0576-WNXXC,0.663874306068391,ALTO,Tipo de contrato: mes a mes,Tipo de contrato: mes a mes | Servicio de internet: fibra óptica | Antigüedad,Month-to-month,Fiber optic,Electronic check,27,95.55,2510.2,1,Yes,No
9508-ILZDG,0.6622658858405724,ALTO,Tipo de contrato: mes a mes,Tipo de contrato: mes a mes | Antigüedad | Cargo acumulado,Month-to-month,Fiber optic,Electronic check,34,96.35,3190.25,1,No,No
2369-FEVNO,0.6616993932498916,ALTO,Antigüedad,Antigüedad | Cargo acumulado | Tipo de contrato: mes a mes,Month-to-month,No,Mailed check,1,19.9,19.9,0,No,No
9992-UJOEL,0.6615271211736767,ALTO,Antigüedad,Antigüedad | Cargo acumulado | Tipo de contrato: mes a mes,Month-to-month,DSL,Mailed check,2,50.3,92.75,0,No,No
3199-XGZCY,0.6606610598159397,ALTO,Tipo de contrato: mes a mes,Tipo de contrato: mes a mes | Servicio de internet: fibra óptica | Cargo mensual,Month-to-month,Fiber optic,Electronic check,8,75.25,576.7,0,No,No
5226-NOZFC,0.6569148847148748,ALTO,Tipo de contrato: mes a mes,Tipo de contrato: mes a mes | Servicio de internet: fibra óptica | Antigüedad,Month-to-month,Fiber optic,Electronic check,26,85.75,2146.5,0,No,No
6661-HBGWL,0.656711316196206,ALTO,Antigüedad,Antigüedad | Tipo de contrato: mes a mes | Cargo acumulado,Month-to-month,Fiber optic,Bank transfer (automatic),42,104.75,4323.45,1,No,No
0430-IHCDJ,0.6561440483759573,ALTO,Método de pago: cheque electrónico,Método de pago: cheque electrónico | Tipo de contrato: mes a mes | Servicio de internet: fibra óptica,Month-to-month,DSL,Electronic check,15,49.0,749.25,0,No,No
8938-UMKPI,0.6560798964424442,ALTO,Antigüedad,Antigüedad | Cargo acumulado | Tipo de contrato: mes a mes,Month-to-month,Fiber optic,Electronic check,47,106.4,5127.95,0,No,No
4686-UXDML,0.6555203319735219,ALTO,Tipo de contrato: mes a mes,Tipo de contrato: mes a mes | Cargo acumulado | Servicio de internet: fibra óptica,Month-to-month,Fiber optic,Credit card (automatic),21,99.85,1992.55,0,No,No
1236-WFCDV,0.6551702614481011,ALTO,Servicio de internet: fibra óptica,Servicio de internet: fibra óptica | Tipo de contrato: mes a mes | Cargo acumulado,Month-to-month,Fiber optic,Credit card (automatic),14,90.45,1266.1,1,No,No
0330-IVZHA,0.6498981369088527,ALTO,Tipo de contrato: mes a mes,Tipo de contrato: mes a mes | Servicio de internet: fibra óptica | Antigüedad,Month-to-month,Fiber optic,Electronic check,5,69.95,330.15,0,Yes,No
7503-QQRVF,0.6497437684997296,ALTO,Tipo de contrato: mes a mes,Tipo de contrato: mes a mes | Servicio de internet: fibra óptica | Método de pago: cheque electrónico,Month-to-month,Fiber optic,Credit card (automatic),16,74.3,1178.25,1,Yes,No
4283-FUTGF,0.6493784060014064,ALTO,Tipo de contrato: mes a mes,Tipo de contrato: mes a mes | Método de pago: cheque electrónico | Cargo acumulado,Month-to-month,Fiber optic,Electronic check,19,79.85,1471.75,1,No,No
2672-OJQZP,0.6489105237977444,ALTO,Antigüedad,Antigüedad | Cargo acumulado | Servicio de internet: fibra óptica,Month-to-month,DSL,Mailed check,1,44.75,44.75,0,No,No
0524-IAVZO,0.6483676427203439,ALTO,Antigüedad,Antigüedad | Tipo de contrato: mes a mes | Servicio de internet: fibra óptica,Month-to-month,Fiber optic,Electronic check,30,85.0,2624.25,0,Yes,No
3891-PUQOD,0.64820968527808,ALTO,Antigüedad,Antigüedad | Cargo acumulado | Servicio de internet: fibra óptica,Month-to-month,DSL,Electronic check,1,59.2,59.2,0,No,Yes
7239-HZZCX,0.6473795452524397,ALTO,Cargo acumulado,Cargo acumulado | Antigüedad | Tipo de contrato: mes a mes,Month-to-month,No,Mailed check,1,19.75,19.75,0,No,No
3930-ZGWVE,0.6473795452524397,ALTO,Cargo acumulado,Cargo acumulado | Antigüedad | Tipo de contrato: mes a mes,Month-to-month,No,Mailed check,1,19.75,19.75,0,No,No
9054-FOWNV,0.6471705458913968,ALTO,Tipo de contrato: mes a mes,Tipo de contrato: mes a mes | Servicio de internet: fibra óptica | Método de pago: cheque electrónico,Month-to-month,Fiber optic,Electronic check,22,88.75,1885.15,0,Yes,Yes
4892-VLANZ,0.6466283918160756,ALTO,Cargo acumulado,Cargo acumulado | Antigüedad | Tipo de contrato: mes a mes,Month-to-month,No,Mailed check,1,19.8,19.8,0,No,No
9962-BFPDU,0.6456082662955357,ALTO,Antigüedad,Antigüedad | Cargo acumulado | Tipo de contrato: mes a mes,Month-to-month,No,Mailed check,1,20.05,20.05,0,Yes,Yes
4570-QHXHL,0.6455697464358724,ALTO,Tipo de contrato: mes a mes,Tipo de contrato: mes a mes | Servicio de internet: fibra óptica | Antigüedad,Month-to-month,DSL,Electronic check,9,43.75,405.7,0,No,No
6286-SUUWT,0.6442030610420924,ALTO,Cargo acumulado,Cargo acumulado | Antigüedad | Tipo de contrato: mes a mes,Month-to-month,No,Mailed check,1,19.95,19.95,0,No,No
9851-KIELU,0.6397671393447791,ALTO,Servicio de internet: fibra óptica,Servicio de internet: fibra óptica | Tipo de contrato: mes a mes | Antigüedad,Month-to-month,Fiber optic,Electronic check,10,110.1,1043.3,0,No,No
1475-VWVDO,0.6394618628904447,ALTO,Tipo de contrato: mes a mes,Tipo de contrato: mes a mes | Servicio de internet: fibra óptica | Antigüedad,Month-to-month,Fiber optic,Electronic check,7,74.9,490.55,0,No,No
8212-DJRCH,0.6363155214435936,ALTO,Seguridad en línea: no,Seguridad en línea: no | Antigüedad | Servicio de internet: fibra óptica,Month-to-month,Fiber optic,Mailed check,5,90.35,434.5,0,Yes,Yes
0023-XUOPT,0.6346109836035364,ALTO,Servicio de internet: fibra óptica,Servicio de internet: fibra óptica | Tipo de contrato: mes a mes | Facturación sin papel: no,Month-to-month,Fiber optic,Electronic check,13,94.1,1215.6,0,Yes,No
2057-ZBLPD,0.6343969452608872,ALTO,Cargo acumulado,Cargo acumulado | Tipo de contrato: mes a mes | Servicio de internet: fibra óptica,Month-to-month,Fiber optic,Electronic check,21,86.5,1808.7,0,Yes,No
9752-ZNQUT,0.6335935418961584,ALTO,Antigüedad,Antigüedad | Cargo acumulado | Servicio de internet: fibra óptica,Month-to-month,DSL,Electronic check,1,48.6,48.6,0,No,No
9866-QEVEE,0.6331347768034218,ALTO,Tipo de contrato: mes a mes,Tipo de contrato: mes a mes | Cargo acumulado | Servicio de internet: fibra óptica,Month-to-month,Fiber optic,Bank transfer (automatic),19,86.0,1532.45,0,No,No
3976-NLDEZ,0.6330317832500331,ALTO,Antigüedad,Antigüedad | Cargo acumulado | Tipo de contrato: mes a mes,Month-to-month,No,Mailed check,1,20.6,20.6,0,No,No
6173-GOLSU,0.6316519433073083,ALTO,Antigüedad,Antigüedad | Cargo acumulado | Tipo de contrato: mes a mes,Month-to-month,Fiber optic,Credit card (automatic),67,94.65,6079.0,1,Yes,No
7181-OQCUT,0.6295568075142817,ALTO,Servicio de internet: fibra óptica,Servicio de internet: fibra óptica | Tipo de contrato: mes a mes | Seguridad en línea: no,Month-to-month,Fiber optic,Mailed check,21,103.85,2215.0,0,No,No
0952-KMEEH,0.629344042582829,ALTO,Servicio de internet: fibra óptica,Servicio de internet: fibra óptica | Tipo de contrato: mes a mes | Seguridad en línea: no,Month-to-month,Fiber optic,Mailed check,13,98.15,1230.25,0,No,No
6705-LXORM,0.6287394158742798,ALTO,Tipo de contrato: mes a mes,Tipo de contrato: mes a mes | Antigüedad | Cargo mensual,Month-to-month,Fiber optic,Electronic check,5,70.05,302.6,1,Yes,No
6077-BDPXA,0.6282236080343264,ALTO,Cargo mensual,Cargo mensual | Tipo de contrato: mes a mes | Antigüedad,Month-to-month,Fiber optic,Electronic check,3,70.15,194.2,0,No,No
4846-WHAFZ,0.6271828986902477,ALTO,Antigüedad,Antigüedad | Tipo de contrato: mes a mes | Cargo acumulado,Month-to-month,Fiber optic,Electronic check,37,76.5,2868.15,1,Yes,No
1319-YLZJG,0.624495901368546,ALTO,Seguridad en línea: no,Seguridad en línea: no | Tipo de contrato: mes a mes | Servicio de internet: fibra óptica,Month-to-month,Fiber optic,Electronic check,12,84.6,959.9,0,Yes,No
5103-MHMHY,0.6219842045204166,ALTO,Antigüedad,Antigüedad | Cargo acumulado | Servicio de internet: fibra óptica,Month-to-month,DSL,Mailed check,1,45.95,45.95,0,No,Yes
8785-CJSHH,0.6218970932953282,ALTO,Antigüedad,Antigüedad | Cargo acumulado | Tipo de contrato: mes a mes,Month-to-month,Fiber optic,Electronic check,60,99.8,5985.75,0,Yes,No
0923-PNFUB,0.6218108162793421,ALTO,Tipo de contrato: mes a mes,Tipo de contrato: mes a mes | Antigüedad | Servicio de internet: fibra óptica,Month-to-month,Fiber optic,Electronic check,3,83.75,247.25,0,No,No
1471-GIQKQ,0.620155118673637,ALTO,Antigüedad,Antigüedad | Cargo acumulado | Tipo de contrato: mes a mes,Month-to-month,DSL,Electronic check,1,49.95,49.95,0,No,No
6128-AQBMT,0.6192962648905113,ALTO,Antigüedad,Antigüedad | Tipo de contrato: mes a mes | Servicio de internet: fibra óptica,Month-to-month,DSL,Electronic check,41,53.95,2215.4,1,Yes,No
1452-KIOVK,0.6186207160589481,ALTO,Tipo de contrato: mes a mes,Tipo de contrato: mes a mes | Cargo acumulado | Servicio de internet: fibra óptica,Month-to-month,Fiber optic,Credit card (automatic),22,89.1,1949.4,0,No,Yes
1575-KRZZE,0.6185201902830094,ALTO,Antigüedad,Antigüedad | Tipo de contrato: mes a mes | Método de pago: cheque electrónico,Month-to-month,DSL,Electronic check,4,55.2,220.65,0,No,No
7534-BFESC,0.6182998118636075,ALTO,Cargo acumulado,Cargo acumulado | Tipo de contrato: mes a mes | Antigüedad,Month-to-month,Fiber optic,Electronic check,24,76.1,1712.7,1,No,No
4581-LNWUM,0.6182555171561609,ALTO,Tipo de contrato: mes a mes,Tipo de contrato: mes a mes | Método de pago: cheque electrónico | Servicio de internet: fibra óptica,Month-to-month,DSL,Electronic check,13,49.15,649.4,0,No,No
4067-HLYQI,0.6175868200416186,ALTO,Tipo de contrato: mes a mes,Tipo de contrato: mes a mes | Antigüedad | Servicio de internet: fibra óptica,Month-to-month,Fiber optic,Bank transfer (automatic),33,70.4,2406.1,0,No,No
0004-TLHLJ,0.6155723652272433,ALTO,Tipo de contrato: mes a mes,Tipo de contrato: mes a mes | Cargo mensual | Antigüedad,Month-to-month,Fiber optic,Electronic check,4,73.9,280.85,0,No,No
8601-QACRS,0.6132826123184143,ALTO,Servicio de internet: fibra óptica,Servicio de internet: fibra óptica | Antigüedad | Tipo de contrato: mes a mes,Month-to-month,DSL,Mailed check,5,50.6,249.95,0,No,No
9629-NHXFW,0.6127882566158377,ALTO,Antigüedad,Antigüedad | Cargo acumulado | Tipo de contrato: mes a mes,Month-to-month,No,Mailed check,1,19.4,19.4,0,Yes,Yes
4317-VTEOA,0.6127110371973089,ALTO,Antigüedad,Antigüedad | Cargo acumulado | Servicio de internet: fibra óptica,Month-to-month,DSL,Electronic check,1,50.75,50.75,0,No,No
3858-VOBET,0.6117178645153069,ALTO,Antigüedad,Antigüedad | Cargo acumulado | Tipo de contrato: mes a mes,Month-to-month,Fiber optic,Electronic check,23,74.95,1710.45,0,No,No
3365-SAIGS,0.6105724308361841,ALTO,Cargo acumulado,Cargo acumulado | Tipo de contrato: mes a mes | Servicio de internet: fibra óptica,Month-to-month,Fiber optic,Electronic check,17,83.55,1329.15,0,No,No
3540-RZJYU,0.6097108919958288,ALTO,Tipo de contrato: mes a mes,Tipo de contrato: mes a mes | Servicio de internet: fibra óptica | Seguridad en línea: no,Month-to-month,Fiber optic,Electronic check,15,86.2,1270.2,0,No,No
2187-PKZAY,0.6092581471014599,ALTO,Tipo de contrato: mes a mes,Tipo de contrato: mes a mes | Servicio de internet: fibra óptica | Seguridad en línea: no,Month-to-month,Fiber optic,Bank transfer (automatic),12,79.95,1043.4,0,No,No
1622-HSHSF,0.6091303104646549,ALTO,Antigüedad,Antigüedad | Cargo acumulado | Tipo de contrato: mes a mes,Month-to-month,No,Mailed check,1,19.55,19.55,0,No,No
5650-YLIBA,0.6090322645534564,ALTO,Antigüedad,Antigüedad | Tipo de contrato: mes a mes | Cargo acumulado,Month-to-month,Fiber optic,Electronic check,31,81.15,2640.55,0,No,No
2694-CIUMO,0.6089800666578268,ALTO,Tipo de contrato: mes a mes,Tipo de contrato: mes a mes | Servicio de internet: fibra óptica | Método de pago: cheque electrónico,Month-to-month,Fiber optic,Credit card (automatic),12,79.55,958.25,0,No,No
8059-UDZFY,0.6085325839055148,ALTO,Tipo de contrato: mes a mes,Tipo de contrato: mes a mes | Antigüedad | Cargo acumulado,Month-to-month,Fiber optic,Bank transfer (automatic),33,105.35,3465.05,1,No,Yes
1112-CUNAO,0.6072700640233625,ALTO,Facturación sin papel: no,Facturación sin papel: no | Tipo de contrato: mes a mes | Servicio de internet: fibra óptica,Month-to-month,Fiber optic,Electronic check,15,89.85,1424.95,1,No,No
3197-ARFOY,0.6072281886804698,ALTO,Servicio de internet: fibra óptica,Servicio de internet: fibra óptica | Tipo de contrato: mes a mes | Soporte técnico: no,Month-to-month,Fiber optic,Mailed check,19,105.0,2007.25,1,No,No
6712-OAWRH,0.6066752524583815,ALTO,Antigüedad,Antigüedad | Tipo de contrato: mes a mes | Cargo acumulado,Month-to-month,Fiber optic,Electronic check,26,91.25,2351.8,1,No,No
6377-WHAOX,0.6064050145731379,ALTO,Antigüedad,Antigüedad | Cargo acumulado | Tipo de contrato: mes a mes,Month-to-month,Fiber optic,Electronic check,60,106.15,6411.25,0,Yes,No
8696-JKZNU,0.6061314389681116,ALTO,Antigüedad,Antigüedad | Tipo de contrato: mes a mes | Cargo acumulado,Month-to-month,Fiber optic,Electronic check,37,76.25,2841.55,1,No,No
7354-OIJLX,0.6057914686006606,ALTO,Tipo de contrato: mes a mes,Tipo de contrato: mes a mes | Servicio de internet: fibra óptica | Cargo mensual,Month-to-month,Fiber optic,Electronic check,9,75.85,724.65,0,No,No
4647-MUZON,0.6051813246457889,ALTO,Cargo acumulado,Cargo acumulado | Tipo de contrato: mes a mes | Servicio de internet: fibra óptica,Month-to-month,Fiber optic,Credit card (automatic),18,95.95,1745.5,0,Yes,No
8757-TFHHJ,0.6047177639713622,ALTO,Antigüedad,Antigüedad | Seguridad en línea: no | Cargo acumulado,Month-to-month,DSL,Credit card (automatic),1,49.8,49.8,0,No,No
8749-CLJXC,0.6044304871253293,ALTO,Cargo acumulado,Cargo acumulado | Antigüedad | Tipo de contrato: mes a mes,Month-to-month,No,Mailed check,1,20.05,20.05,0,No,No
5339-PXDVH,0.6029439016390186,ALTO,Seguridad en línea: no,Seguridad en línea: no | Tipo de contrato: mes a mes | Antigüedad,Month-to-month,Fiber optic,Electronic check,4,90.65,367.95,0,No,No
9779-DPNEJ,0.6026685871771031,ALTO,Cargo acumulado,Cargo acumulado | Tipo de contrato: mes a mes | Servicio de internet: fibra óptica,Month-to-month,Fiber optic,Electronic check,22,80.15,1790.65,0,Yes,Yes
6304-IJFSQ,0.6013231925626433,ALTO,Antigüedad,Antigüedad | Tipo de contrato: mes a mes | Cargo acumulado,Month-to-month,DSL,Mailed check,3,49.9,130.1,0,No,No
8378-LKJAF,0.5973652573960121,ALTO,Cargo acumulado,Cargo acumulado | Tipo de contrato: mes a mes | Antigüedad,Month-to-month,Fiber optic,Credit card (automatic),38,101.15,3956.7,0,Yes,Yes
2955-BJZHG,0.5957669014840395,ALTO,Tipo de contrato: mes a mes,Tipo de contrato: mes a mes | Servicio de internet: fibra óptica | Cargo acumulado,Month-to-month,Fiber optic,Electronic check,17,80.85,1400.85,0,Yes,Yes
0823-HSCDJ,0.5954267241190366,ALTO,Antigüedad,Antigüedad | Cargo acumulado | Tipo de contrato: mes a mes,Month-to-month,DSL,Electronic check,52,49.15,2550.9,1,No,No
7018-WBJNK,0.5950073193761571,ALTO,Tipo de contrato: mes a mes,Tipo de contrato: mes a mes | Servicio de internet: fibra óptica | Método de pago: cheque electrónico,Month-to-month,Fiber optic,Credit card (automatic),13,78.3,1033.95,0,No,Yes
0256-LTHVJ,0.5948557381866465,ALTO,Antigüedad,Antigüedad | Tipo de contrato: mes a mes | Cargo acumulado,Month-to-month,Fiber optic,Electronic check,28,81.05,2227.1,0,Yes,Yes
8058-DMYRU,0.5947138197949419,ALTO,Antigüedad,Antigüedad | Cargo acumulado | Tipo de contrato: mes a mes,Month-to-month,Fiber optic,Electronic check,54,90.05,4931.8,1,No,No
4919-IKATY,0.5930140766871298,ALTO,Seguridad en línea: no,Seguridad en línea: no | Tipo de contrato: mes a mes | Antigüedad,Month-to-month,Fiber optic,Electronic check,5,84.5,453.75,0,Yes,Yes
9572-WUKSB,0.592818530616781,ALTO,Antigüedad,Antigüedad | Soporte técnico: no | Tipo de contrato: mes a mes,Month-to-month,DSL,Electronic check,3,29.9,92.25,0,Yes,No
0015-UOCOJ,0.5922319059755924,ALTO,Tipo de contrato: mes a mes,Tipo de contrato: mes a mes | Servicio de internet: fibra óptica | Método de pago: cheque electrónico,Month-to-month,DSL,Electronic check,7,48.2,340.35,1,No,No
6048-QBXKL,0.5916580296951092,ALTO,Antigüedad,Antigüedad | Servicio de internet: fibra óptica | Tipo de contrato: mes a mes,Month-to-month,DSL,Credit card (automatic),2,56.55,118.25,1,No,No
7460-ITWWP,0.5892059027045765,ALTO,Antigüedad,Antigüedad | Cargo acumulado | Tipo de contrato: mes a mes,Month-to-month,Fiber optic,Electronic check,45,86.1,3861.45,1,Yes,No
2452-KDRRH,0.5891085434115059,ALTO,Antigüedad,Antigüedad | Cargo acumulado | Tipo de contrato: mes a mes,Month-to-month,Fiber optic,Credit card (automatic),67,101.4,6841.05,1,No,No
1895-QTKDO,0.586718280918869,ALTO,Antigüedad,Antigüedad | Cargo acumulado | Cargo mensual,Month-to-month,DSL,Credit card (automatic),1,43.95,43.95,0,No,No
2478-EEWWM,0.5842635257047113,ALTO,Antigüedad,Antigüedad | Cargo acumulado | Tipo de contrato: mes a mes,Month-to-month,DSL,Electronic check,59,44.3,2666.75,0,Yes,No
0265-PSUAE,0.5839072776081102,ALTO,Tipo de contrato: mes a mes,Tipo de contrato: mes a mes | Servicio de internet: fibra óptica | Seguridad en línea: no,Month-to-month,Fiber optic,Bank transfer (automatic),16,100.7,1522.7,0,Yes,Yes
3524-WQDSG,0.5834195155960378,ALTO,Antigüedad,Antigüedad | Cargo acumulado | Tipo de contrato: mes a mes,Month-to-month,Fiber optic,Bank transfer (automatic),43,99.3,4209.95,0,Yes,Yes
0988-JRWWP,0.5834110956859307,ALTO,Servicio de internet: fibra óptica,Servicio de internet: fibra óptica | Antigüedad | Tipo de contrato: mes a mes,Month-to-month,DSL,Electronic check,3,54.2,140.4,0,No,No
0963-ZBDRN,0.583192172712824,ALTO,Antigüedad,Antigüedad | Cargo acumulado | Tipo de contrato: mes a mes,Month-to-month,Fiber optic,Electronic check,32,96.2,3183.4,0,No,No
1989-PRJHP,0.5830965908572106,ALTO,Antigüedad,Antigüedad | Cargo acumulado | Tipo de contrato: mes a mes,Month-to-month,Fiber optic,Electronic check,27,75.5,1893.95,1,Yes,No
9927-DSWDF,0.579424161856399,ALTO,Servicio de internet: fibra óptica,Servicio de internet: fibra óptica | Tipo de contrato: mes a mes | Soporte técnico: no,Month-to-month,Fiber optic,Electronic check,22,104.6,2180.55,0,Yes,No
6542-LWGXJ,0.5763766985528269,ALTO,Antigüedad,Antigüedad | Cargo acumulado | Tipo de contrato: mes a mes,Month-to-month,DSL,Mailed check,3,25.0,78.25,0,Yes,No
5373-SFODM,0.5756832817265276,ALTO,Antigüedad,Antigüedad | Tipo de contrato: mes a mes | Cargo acumulado,Month-to-month,Fiber optic,Credit card (automatic),36,85.25,3132.75,1,Yes,No
9465-RWMXL,0.5732081160623244,ALTO,Antigüedad,Antigüedad | Tipo de contrato: mes a mes | Cargo acumulado,Month-to-month,Fiber optic,Electronic check,32,78.9,2447.95,0,Yes,No
4013-GUXND,0.5719091931353394,ALTO,Antigüedad,Antigüedad | Cargo acumulado | Tipo de contrato: mes a mes,Month-to-month,No,Mailed check,1,20.8,20.8,0,No,No
5440-VHLUL,0.5717890347974016,ALTO,Antigüedad,Antigüedad | Tipo de contrato: mes a mes | Cargo acumulado,One year,Fiber optic,Bank transfer (automatic),69,105.2,7386.05,0,No,No
9450-TRJUU,0.5715817423744739,ALTO,Antigüedad,Antigüedad | Tipo de contrato: mes a mes | Cargo acumulado,Month-to-month,Fiber optic,Electronic check,35,83.15,2848.45,0,No,No
0899-LIIBW,0.5707548033076627,ALTO,Antigüedad,Antigüedad | Cargo acumulado | Tipo de contrato: mes a mes,Month-to-month,Fiber optic,Electronic check,34,100.85,3527.3,0,Yes,No
0581-BXBUB,0.570532609037909,ALTO,Tipo de contrato: mes a mes,Tipo de contrato: mes a mes | Antigüedad | Facturación sin papel: no,Month-to-month,Fiber optic,Electronic check,4,72.75,317.75,1,No,No
0410-IPFTY,0.5700846019986553,ALTO,Antigüedad,Antigüedad | Tipo de contrato: mes a mes | Servicio de internet: fibra óptica,Month-to-month,Fiber optic,Bank transfer (automatic),31,83.85,2674.15,0,Yes,No
9112-WSNPU,0.5699659684731648,ALTO,Antigüedad,Antigüedad | Tipo de contrato: mes a mes | Cargo acumulado,Month-to-month,Fiber optic,Electronic check,35,70.55,2419.0,1,No,No
0082-OQIQY,0.569817586941915,ALTO,Antigüedad,Antigüedad | Tipo de contrato: mes a mes | Soporte técnico: no,Month-to-month,Fiber optic,Electronic check,29,94.2,2607.6,0,No,No
1902-XBTFB,0.5679179523847926,ALTO,Tipo de contrato: mes a mes,Tipo de contrato: mes a mes | Cargo acumulado | Servicio de internet: fibra óptica,Month-to-month,Fiber optic,Electronic check,22,89.4,2001.5,0,No,Yes
3466-RITXD,0.5660905970494361,ALTO,Tipo de contrato: mes a mes,Tipo de contrato: mes a mes | Seguridad en línea: no | Servicio de internet: fibra óptica,Month-to-month,Fiber optic,Credit card (automatic),26,92.4,2349.8,0,No,No
7733-UDMTP,0.5652215855324685,ALTO,Antigüedad,Antigüedad | Cargo acumulado | Tipo de contrato: mes a mes,Month-to-month,DSL,Electronic check,57,55.0,3094.05,1,No,No
0599-XNYDO,0.5647921247487384,ALTO,Tipo de contrato: mes a mes,Tipo de contrato: mes a mes | Cargo acumulado | Servicio de internet: fibra óptica,Month-to-month,Fiber optic,Bank transfer (automatic),20,69.8,1540.35,0,Yes,No
1942-OQFRW,0.5647532700421145,ALTO,Antigüedad,Antigüedad | Cargo mensual | Servicio de internet: fibra óptica,Month-to-month,DSL,Electronic check,1,44.0,44.0,0,No,No
6080-TCMYC,0.5633860318404424,ALTO,Antigüedad,Antigüedad | Cargo acumulado | Tipo de contrato: mes a mes,Month-to-month,Fiber optic,Electronic check,40,81.2,3292.3,0,Yes,Yes
5129-JLPIS,0.5615669911340164,ALTO,Servicio de internet: fibra óptica,Servicio de internet: fibra óptica | Tipo de contrato: mes a mes | Seguridad en línea: no,Month-to-month,Fiber optic,Electronic check,25,105.5,2686.05,0,No,No
9389-ACWBI,0.5609290944927484,ALTO,Tipo de contrato: mes a mes,Tipo de contrato: mes a mes | Antigüedad | Servicio de internet: fibra óptica,Month-to-month,Fiber optic,Credit card (automatic),5,69.95,320.4,0,Yes,Yes
2778-OCLGR,0.5607310475344951,ALTO,Tipo de contrato: mes a mes,Tipo de contrato: mes a mes | Seguridad en línea: no | Servicio de internet: fibra óptica,Month-to-month,DSL,Bank transfer (automatic),24,39.1,971.3,1,Yes,No
2480-SQIOB,0.5602095344534177,ALTO,Antigüedad,Antigüedad | Tipo de contrato: mes a mes | Servicio de internet: fibra óptica,Month-to-month,DSL,Electronic check,4,44.8,169.65,0,Yes,Yes
0581-MDMPW,0.5589141551655421,ALTO,Tipo de contrato: mes a mes,Tipo de contrato: mes a mes | Cargo acumulado | Antigüedad,Month-to-month,Fiber optic,Credit card (automatic),24,88.95,2072.75,0,No,No
4660-IRIBM,0.5587368145505058,ALTO,Tipo de contrato: mes a mes,Tipo de contrato: mes a mes | Servicio de internet: fibra óptica | Método de pago: cheque electrónico,Month-to-month,Fiber optic,Mailed check,18,87.9,1500.5,0,Yes,Yes
3374-LXDEV,0.5572054000422243,ALTO,Tipo de contrato: mes a mes,Tipo de contrato: mes a mes | Servicio de internet: fibra óptica | Facturación sin papel: no,Month-to-month,Fiber optic,Electronic check,13,89.4,1132.35,0,No,No
5281-BUZGT,0.55460151404638,ALTO,Antigüedad,Antigüedad | Seguridad en línea: no | Tipo de contrato: mes a mes,Month-to-month,Fiber optic,Electronic check,36,90.85,3186.7,1,No,No
4818-QIUFN,0.5536357560867828,ALTO,Seguridad en línea: no,Seguridad en línea: no | Tipo de contrato: mes a mes | Cargo acumulado,Month-to-month,Fiber optic,Electronic check,20,79.15,1520.9,1,No,No
8393-DLHGA,0.5536309533779864,ALTO,Tipo de contrato: mes a mes,Tipo de contrato: mes a mes | Servicio de internet: fibra óptica | Cargo acumulado,Month-to-month,Fiber optic,Electronic check,25,95.9,2448.75,0,No,Yes
4667-OHGKG,0.5522440011446973,ALTO,Antigüedad,Antigüedad | Cargo acumulado | Tipo de contrato: mes a mes,Month-to-month,No,Mailed check,1,19.3,19.3,0,No,No
5144-TVGLP,0.5520138951667497,ALTO,Antigüedad,Antigüedad | Cargo acumulado | Facturación sin papel: no,Month-to-month,Fiber optic,Electronic check,38,94.75,3653.0,1,No,No
3877-JRJIP,0.5517228384127378,ALTO,Cargo mensual,Cargo mensual | Antigüedad | Servicio de internet: fibra óptica,Month-to-month,DSL,Electronic check,1,59.85,59.85,0,No,No
4658-HCOHW,0.5516965402971586,ALTO,Tipo de contrato: mes a mes,Tipo de contrato: mes a mes | Servicio de internet: fibra óptica | Soporte técnico: no,Month-to-month,Fiber optic,Electronic check,21,102.8,2110.15,0,Yes,Yes
4154-AQUGT,0.5481378299981601,ALTO,Servicio de internet: fibra óptica,Servicio de internet: fibra óptica | Soporte técnico: no | Tipo de contrato: mes a mes,Month-to-month,Fiber optic,Bank transfer (automatic),13,89.05,1169.35,1,Yes,No
7579-OOPEC,0.5471419377456542,ALTO,Antigüedad,Antigüedad | Tipo de contrato: mes a mes | Cargo acumulado,Month-to-month,DSL,Credit card (automatic),2,50.15,115.1,1,Yes,No
1302-UHBDD,0.5469007750859477,ALTO,Cargo acumulado,Cargo acumulado | Tipo de contrato: mes a mes | Antigüedad,Month-to-month,Fiber optic,Electronic check,20,89.95,1648.45,1,No,No
0730-KOAVE,0.5454515324634357,ALTO,Tipo de contrato: mes a mes,Tipo de contrato: mes a mes | Antigüedad | Seguridad en línea: no,Month-to-month,Fiber optic,Credit card (automatic),30,94.3,2679.7,0,No,No
1894-IGFSG,0.5454032129494039,ALTO,Cargo acumulado,Cargo acumulado | Antigüedad | Tipo de contrato: mes a mes,Month-to-month,Fiber optic,Electronic check,22,89.25,1907.85,0,No,No
6022-UGGSO,0.5450797557530009,ALTO,Antigüedad,Antigüedad | Tipo de contrato: mes a mes | Cargo acumulado,Month-to-month,Fiber optic,Electronic check,32,74.4,2276.95,1,No,No
9944-AEXBM,0.54449925535062,ALTO,Antigüedad,Antigüedad | Tipo de contrato: mes a mes | Cargo acumulado,Month-to-month,Fiber optic,Bank transfer (automatic),32,85.65,2664.3,0,No,No
4412-YLTKF,0.5438221372238184,ALTO,Antigüedad,Antigüedad | Cargo acumulado | Tipo de contrato: mes a mes,Month-to-month,Fiber optic,Electronic check,27,78.05,2135.5,1,No,No
2604-IJPDU,0.5430012675788805,ALTO,Tipo de contrato: mes a mes,Tipo de contrato: mes a mes | Servicio de internet: fibra óptica | Soporte técnico: no,Month-to-month,Fiber optic,Electronic check,20,96.55,1901.65,0,Yes,No
0531-ZZJWQ,0.542571879893447,ALTO,Antigüedad,Antigüedad | Cargo acumulado | Tipo de contrato: mes a mes,Month-to-month,Fiber optic,Electronic check,55,74.0,4052.4,1,Yes,No
8621-MNIHH,0.5421398560788123,ALTO,Antigüedad,Antigüedad | Cargo acumulado | Tipo de contrato: mes a mes,Month-to-month,Fiber optic,Electronic check,34,94.25,3217.55,1,Yes,No
8818-DOPVL,0.541464901181504,ALTO,Antigüedad,Antigüedad | Cargo acumulado | Tipo de contrato: mes a mes,Month-to-month,Fiber optic,Electronic check,46,104.45,4863.85,1,No,No
1261-FWTTE,0.5398941248015222,ALTO,Antigüedad,Antigüedad | Tipo de contrato: mes a mes | Servicio de internet: fibra óptica,Month-to-month,DSL,Bank transfer (automatic),23,34.65,768.45,1,No,No
8728-SKJLR,0.539761998749853,ALTO,Antigüedad,Antigüedad | Cargo acumulado | Tipo de contrato: mes a mes,Month-to-month,Fiber optic,Electronic check,41,74.25,3089.1,0,No,No
7404-JLKQG,0.5382612271255927,ALTO,Cargo mensual,Cargo mensual | Servicio de internet: fibra óptica | Antigüedad,Month-to-month,DSL,Electronic check,3,57.55,161.45,0,No,No
3923-CSIHK,0.5369151968698984,ALTO,Antigüedad,Antigüedad | Cargo acumulado | Tipo de contrato: mes a mes,Month-to-month,Fiber optic,Electronic check,50,71.05,3444.85,1,Yes,No
9167-APMXZ,0.5349594067841146,ALTO,Cargo acumulado,Cargo acumulado | Tipo de contrato: mes a mes | Método de pago: cheque electrónico,Month-to-month,Fiber optic,Bank transfer (automatic),22,84.15,1821.95,0,No,No
4690-LLKUA,0.5349428812097411,ALTO,Tipo de contrato: mes a mes,Tipo de contrato: mes a mes | Servicio de internet: fibra óptica | Cargo acumulado,Month-to-month,DSL,Electronic check,17,45.05,770.6,1,No,No
5228-EXCET,0.5335333954793585,ALTO,Tipo de contrato: mes a mes,Tipo de contrato: mes a mes | Servicio de internet: fibra óptica | Cargo acumulado,Month-to-month,Fiber optic,Electronic check,13,80.85,1008.7,0,No,No
7851-FLGGQ,0.532050589260857,ALTO,Antigüedad,Antigüedad | Soporte técnico: no | Tipo de contrato: mes a mes,Month-to-month,DSL,Mailed check,1,44.65,44.65,0,No,No
9732-KPKBW,0.5311991418527693,ALTO,Antigüedad,Antigüedad | Soporte técnico: no | Tipo de contrato: mes a mes,Month-to-month,DSL,Electronic check,1,53.95,53.95,0,No,No
6402-EJMWF,0.5308278142676214,ALTO,Antigüedad,Antigüedad | Servicio de internet: fibra óptica | Cargo mensual,Month-to-month,DSL,Mailed check,4,55.3,238.5,0,No,No
9819-FBNSV,0.5302318621628427,ALTO,Antigüedad,Antigüedad | Tipo de contrato: mes a mes | Cargo acumulado,Month-to-month,Fiber optic,Bank transfer (automatic),37,72.25,2575.45,1,Yes,No
2482-CZGBB,0.5295569792914333,ALTO,Cargo mensual,Cargo mensual | Tipo de contrato: mes a mes | Servicio de internet: fibra óptica,Month-to-month,Fiber optic,Electronic check,10,70.0,740.0,0,No,No
1587-FKLZB,0.5273855392177637,ALTO,Antigüedad,Antigüedad | Cargo acumulado | Tipo de contrato: mes a mes,Month-to-month,Fiber optic,Credit card (automatic),66,99.5,6822.15,1,Yes,Yes
3312-ZWLGF,0.5262564910977374,ALTO,Antigüedad,Antigüedad | Tipo de contrato: mes a mes | Soporte técnico: no,Month-to-month,Fiber optic,Electronic check,29,79.3,2414.55,1,Yes,No
7957-RYHQD,0.525956353569859,ALTO,Tipo de contrato: mes a mes,Tipo de contrato: mes a mes | Antigüedad | Seguridad en línea: no,Month-to-month,Fiber optic,Credit card (automatic),40,79.2,3233.85,1,No,No
9512-UIBFX,0.5230596138392579,ALTO,Cargo acumulado,Cargo acumulado | Servicio de internet: fibra óptica | Tipo de contrato: mes a mes,Month-to-month,Fiber optic,Mailed check,18,95.15,1779.95,0,Yes,Yes
1092-GANHU,0.5224371670460393,ALTO,Cargo acumulado,Cargo acumulado | Tipo de contrato: mes a mes | Método de pago: cheque electrónico,Month-to-month,Fiber optic,Electronic check,17,76.65,1313.55,0,No,No
8993-PHFWD,0.5223540812050697,ALTO,Servicio de internet: fibra óptica,Servicio de internet: fibra óptica | Antigüedad | Tipo de contrato: mes a mes,Month-to-month,DSL,Electronic check,3,25.25,58.9,0,No,No
4248-QPAVC,0.5221769747291173,ALTO,Tipo de contrato: mes a mes,Tipo de contrato: mes a mes | Servicio de internet: fibra óptica | Seguridad en línea: no,Month-to-month,Fiber optic,Bank transfer (automatic),17,85.35,1463.45,1,Yes,No
9283-LZQOH,0.5221663404620471,ALTO,Método de pago: tarjeta de crédito automática,Método de pago: tarjeta de crédito automática | Servicio de internet: fibra óptica | Tipo de contrato: mes a mes,Month-to-month,Fiber optic,Credit card (automatic),13,74.4,896.75,0,Yes,Yes
7504-UWHNB,0.5205275461626493,ALTO,Antigüedad,Antigüedad | Cargo acumulado | Tipo de contrato: mes a mes,Month-to-month,Fiber optic,Electronic check,25,69.75,1729.35,0,No,No
2309-OSFEU,0.5203996589401508,ALTO,Método de pago: cheque electrónico,Método de pago: cheque electrónico | Servicio de internet: fibra óptica | Tipo de contrato: mes a mes,Month-to-month,DSL,Mailed check,10,33.9,298.45,0,No,No
5419-KLXBN,0.5192330644643556,ALTO,Tipo de contrato: mes a mes,Tipo de contrato: mes a mes | Servicio de internet: fibra óptica | Antigüedad,Month-to-month,Fiber optic,Bank transfer (automatic),25,89.15,2257.75,0,Yes,Yes
2960-NKRSO,0.5163602845642921,ALTO,Tipo de contrato: mes a mes,Tipo de contrato: mes a mes | Servicio de internet: fibra óptica | Cargo acumulado,Month-to-month,Fiber optic,Electronic check,24,85.95,2107.15,0,No,No
6769-DYBQN,0.5155299468319102,ALTO,Tipo de contrato: mes a mes,Tipo de contrato: mes a mes | Antigüedad | Seguridad en línea: no,Month-to-month,Fiber optic,Electronic check,46,85.0,3969.4,1,No,No
2988-PLAHS,0.5149503083366701,ALTO,Tipo de contrato: mes a mes,Tipo de contrato: mes a mes | Antigüedad | Tipo de contrato: un año,One year,DSL,Electronic check,3,69.95,220.45,0,No,No
5889-JTMUL,0.5134747238006716,ALTO,Antigüedad,Antigüedad | Cargo acumulado | Tipo de contrato: mes a mes,Month-to-month,Fiber optic,Electronic check,50,95.05,4888.7,1,Yes,No
9050-QLROH,0.5133405435302367,ALTO,Cargo acumulado,Cargo acumulado | Tipo de contrato: mes a mes | Método de pago: cheque electrónico,Month-to-month,Fiber optic,Credit card (automatic),18,90.7,1597.25,0,No,No
3627-FHKBK,0.5128855979119883,ALTO,Antigüedad,Antigüedad | Seguridad en línea: no | Tipo de contrato: mes a mes,Month-to-month,Fiber optic,Mailed check,1,75.3,75.3,0,No,No
6557-BZXLQ,0.5125271026887184,ALTO,Cargo mensual,Cargo mensual | Tipo de contrato: mes a mes | Cargo acumulado,Month-to-month,Fiber optic,Electronic check,16,69.65,1043.3,1,No,No
1051-GEJLJ,0.5125063068390282,ALTO,Cargo acumulado,Cargo acumulado | Tipo de contrato: mes a mes | Antigüedad,Month-to-month,No,Mailed check,2,19.5,27.55,0,No,No
9286-DOJGF,0.5123844239541111,ALTO,Antigüedad,Antigüedad | Tipo de contrato: mes a mes | Cargo acumulado,Month-to-month,Fiber optic,Bank transfer (automatic),38,74.95,2869.85,1,Yes,No
9576-SYUHJ,0.511815235241689,ALTO,Antigüedad,Antigüedad | Cargo acumulado | Seguridad en línea: no,Month-to-month,Fiber optic,Electronic check,37,91.15,3369.25,0,No,No
5651-YLPRD,0.5102753384752099,ALTO,Antigüedad,Antigüedad | Tipo de contrato: mes a mes | Cargo acumulado,Month-to-month,Fiber optic,Electronic check,32,86.1,2723.75,0,Yes,Yes
5207-PLSTK,0.5095084726144622,ALTO,Antigüedad,Antigüedad | Seguridad en línea: no | Cargo acumulado,Month-to-month,DSL,Mailed check,1,48.75,48.75,0,Yes,Yes
0258-NOKBL,0.5090705434452764,ALTO,Facturación sin papel: no,Facturación sin papel: no | Antigüedad | Tipo de contrato: mes a mes,Month-to-month,Fiber optic,Electronic check,3,90.4,268.45,0,No,No
2782-LFZVW,0.5067205143234575,ALTO,Servicio de internet: fibra óptica,Servicio de internet: fibra óptica | Cargo mensual | Tipo de contrato: mes a mes,Month-to-month,DSL,Mailed check,11,58.95,601.6,0,No,No
7470-MCQTK,0.5066684084379789,ALTO,Servicio de internet: fibra óptica,Servicio de internet: fibra óptica | Método de pago: cheque electrónico | Tipo de contrato: mes a mes,Month-to-month,DSL,Bank transfer (automatic),13,48.75,633.4,0,Yes,No
9369-XFEHK,0.5044913853603283,ALTO,Antigüedad,Antigüedad | Tipo de contrato: mes a mes | Cargo acumulado,Month-to-month,Fiber optic,Bank transfer (automatic),33,80.6,2656.5,1,Yes,No
3594-KADLU,0.5022913367849562,ALTO,Tipo de contrato: mes a mes,Tipo de contrato: mes a mes | Antigüedad | Servicio de internet: fibra óptica,Month-to-month,DSL,Mailed check,3,35.1,101.1,0,Yes,No
3780-YVMFA,0.5020298930899584,ALTO,Servicio de internet: fibra óptica,Servicio de internet: fibra óptica | Tipo de contrato: mes a mes | Cargo mensual,Month-to-month,DSL,Electronic check,8,68.55,564.35,0,Yes,Yes
6770-XUAGN,0.4973869997270261,ALTO,Antigüedad,Antigüedad | Cargo acumulado | Tipo de contrato: mes a mes,Month-to-month,No,Electronic check,1,21.0,21.0,0,Yes,Yes
3569-EDBPQ,0.4970886618634387,ALTO,Seguridad en línea: no,Seguridad en línea: no | Tipo de contrato: mes a mes | Servicio de internet: fibra óptica,Month-to-month,Fiber optic,Electronic check,24,84.35,1938.05,0,No,No
7603-USHJS,0.493759986878754,ALTO,Tipo de contrato: mes a mes,Tipo de contrato: mes a mes | Método de pago: tarjeta de crédito automática | Servicio de internet: fibra óptica,Month-to-month,Fiber optic,Credit card (automatic),12,73.75,871.4,0,No,Yes
6317-YPKDH,0.4930129732942573,ALTO,Antigüedad,Antigüedad | Cargo acumulado | Servicio de internet: fibra óptica,Month-to-month,DSL,Bank transfer (automatic),1,29.95,29.95,0,No,No
3679-XASPY,0.49275290518109577,ALTO,Antigüedad,Antigüedad | Cargo acumulado | Tipo de contrato: mes a mes,Month-to-month,No,Electronic check,1,19.45,19.45,0,Yes,Yes
0682-USIXD,0.49169715157337823,ALTO,Cargo acumulado,Cargo acumulado | Tipo de contrato: mes a mes | Soporte técnico: no,Month-to-month,Fiber optic,Electronic check,21,86.05,1818.9,0,Yes,No
1035-IPQPU,0.49105019759042867,ALTO,Antigüedad,Antigüedad | Cargo acumulado | Tipo de contrato: mes a mes,Month-to-month,Fiber optic,Electronic check,63,103.5,6479.4,1,Yes,No
4631-OACRM,0.49019181374533377,ALTO,Tipo de contrato: mes a mes,Tipo de contrato: mes a mes | Líneas múltiples: no | Servicio de internet: fibra óptica,Month-to-month,Fiber optic,Electronic check,15,79.4,1156.1,1,No,No
2750-BJLSB,0.4898089632001674,ALTO,Tipo de contrato: mes a mes,Tipo de contrato: mes a mes | Antigüedad | Servicio de internet: fibra óptica,One year,Fiber optic,Electronic check,47,103.7,4730.6,0,No,No
2391-SOORI,0.4894286851260215,ALTO,Seguridad en línea: no,Seguridad en línea: no | Antigüedad | Tipo de contrato: mes a mes,Month-to-month,DSL,Electronic check,4,49.35,219.65,0,No,Yes
5828-AVIPD,0.4886858915246476,ALTO,Tipo de contrato: mes a mes,Tipo de contrato: mes a mes | Tipo de contrato: un año | Servicio de internet: fibra óptica,One year,Fiber optic,Electronic check,19,100.95,1875.55,0,Yes,Yes
4329-YPDDQ,0.4885474212843637,ALTO,Servicio de internet: fibra óptica,Servicio de internet: fibra óptica | Tipo de contrato: mes a mes | Soporte técnico: no,Month-to-month,Fiber optic,Bank transfer (automatic),20,108.2,2203.7,0,No,No
5351-QESIO,0.48792631190198904,ALTO,Antigüedad,Antigüedad | Cargo mensual | Servicio de internet: fibra óptica,Month-to-month,DSL,Mailed check,1,24.2,24.2,0,No,Yes
9227-LUNBG,0.48735605640000207,ALTO,Antigüedad,Antigüedad | Cargo mensual | Servicio de internet: fibra óptica,Month-to-month,DSL,Electronic check,1,24.6,24.6,0,No,No
2108-YKQTY,0.48602352379052843,ALTO,Antigüedad,Antigüedad | Tipo de contrato: mes a mes | Servicio de internet: fibra óptica,Month-to-month,DSL,Credit card (automatic),4,50.7,151.3,0,No,No
0979-PHULV,0.48592766282507216,ALTO,Antigüedad,Antigüedad | Cargo acumulado | Tipo de contrato: mes a mes,Month-to-month,Fiber optic,Credit card (automatic),69,99.45,7007.6,0,Yes,Yes
2227-JRSJX,0.48365521821286434,ALTO,Tipo de contrato: mes a mes,Tipo de contrato: mes a mes | Servicio de internet: fibra óptica | Soporte técnico: no,Month-to-month,Fiber optic,Bank transfer (automatic),21,99.15,1956.4,0,No,No
1100-DDVRV,0.48071612308631073,ALTO,Servicio de internet: fibra óptica,Servicio de internet: fibra óptica | Tipo de contrato: mes a mes | Cargo mensual,Month-to-month,DSL,Mailed check,17,49.8,836.35,0,Yes,No
8849-AYPTR,0.48025301161272743,ALTO,Antigüedad,Antigüedad | Cargo acumulado | Tipo de contrato: mes a mes,Month-to-month,Fiber optic,Electronic check,33,91.25,2964.05,0,Yes,No
4547-LYTDD,0.47918930942172094,ALTO,Cargo acumulado,Cargo acumulado | Cargo mensual | Tipo de contrato: mes a mes,Month-to-month,Fiber optic,Electronic check,16,72.65,1194.3,0,No,No
0013-MHZWF,0.47882974572950293,ALTO,Servicio de internet: fibra óptica,Servicio de internet: fibra óptica | Tipo de contrato: mes a mes | Cargo mensual,Month-to-month,DSL,Credit card (automatic),9,69.4,571.45,0,No,Yes
2101-RANCD,0.47774277044793034,ALTO,Antigüedad,Antigüedad | Cargo acumulado | Tipo de contrato: mes a mes,Month-to-month,Fiber optic,Electronic check,55,73.1,4144.9,0,No,No
4947-DSMXK,0.476458127014158,ALTO,Antigüedad,Antigüedad | Cargo acumulado | Tipo de contrato: mes a mes,Month-to-month,Fiber optic,Bank transfer (automatic),34,97.7,3410.0,0,Yes,Yes
4360-PNRQB,0.47606005926971534,ALTO,Cargo acumulado,Cargo acumulado | Tipo de contrato: mes a mes | Antigüedad,Month-to-month,Fiber optic,Bank transfer (automatic),18,75.6,1395.05,0,No,No
9374-YOLBJ,0.4706288355837041,ALTO,Antigüedad,Antigüedad | Cargo acumulado | Tipo de contrato: mes a mes,Month-to-month,No,Electronic check,1,19.25,19.25,0,Yes,Yes
6845-RGTYS,0.46939413864406665,ALTO,Antigüedad,Antigüedad | Cargo acumulado | Seguridad en línea: no,Month-to-month,Fiber optic,Electronic check,47,98.75,4533.7,0,Yes,No
2720-FVBQP,0.4681885248524183,ALTO,Servicio de internet: fibra óptica,Servicio de internet: fibra óptica | Tipo de contrato: mes a mes | Cargo mensual,Month-to-month,DSL,Credit card (automatic),6,48.95,273.25,0,Yes,Yes
6654-QGBZZ,0.4662046279856648,ALTO,Antigüedad,Antigüedad | Cargo acumulado | Tipo de contrato: mes a mes,Month-to-month,No,Mailed check,1,19.9,19.9,0,No,No
5016-IBERQ,0.46351772853388734,ALTO,Tipo de contrato: mes a mes,Tipo de contrato: mes a mes | Antigüedad | Cargo acumulado,Month-to-month,Fiber optic,Electronic check,23,84.25,1968.1,0,Yes,No
5759-RCVCB,0.46348186168345656,ALTO,Servicio de internet: fibra óptica,Servicio de internet: fibra óptica | Antigüedad | Tipo de contrato: mes a mes,Month-to-month,DSL,Credit card (automatic),3,35.2,108.95,0,No,No
1346-UFHAX,0.46313552797619406,ALTO,Seguridad en línea: no,Seguridad en línea: no | Tipo de contrato: mes a mes | Servicio de internet: fibra óptica,Month-to-month,Fiber optic,Credit card (automatic),13,80.0,1029.35,0,No,No
7855-DIWPO,0.46278650598109067,ALTO,Cargo acumulado,Cargo acumulado | Cargo mensual | Tipo de contrato: mes a mes,Month-to-month,Fiber optic,Electronic check,21,68.65,1493.2,0,No,No
4937-QPZPO,0.4625744687445388,ALTO,Tipo de contrato: mes a mes,Tipo de contrato: mes a mes | Antigüedad | Cargo acumulado,One year,Fiber optic,Electronic check,61,99.9,6241.35,0,Yes,Yes
9381-NDKME,0.4615914293421963,ALTO,Servicio de internet: fibra óptica,Servicio de internet: fibra óptica | Tipo de contrato: mes a mes | Antigüedad,Month-to-month,DSL,Credit card (automatic),24,40.65,933.3,1,Yes,No
2277-DJJDL,0.4613719293063037,ALTO,Antigüedad,Antigüedad | Cargo acumulado | Soporte técnico: no,Month-to-month,Fiber optic,Electronic check,60,99.0,6017.9,1,Yes,No
5461-QKNTN,0.46129141635245113,ALTO,Antigüedad,Antigüedad | Cargo acumulado | Soporte técnico: no,Month-to-month,Fiber optic,Electronic check,43,94.3,3953.15,1,Yes,No
4526-ZJJTM,0.4607170122947815,ALTO,Tipo de contrato: mes a mes,Tipo de contrato: mes a mes | Cargo acumulado | Antigüedad,Month-to-month,Fiber optic,Bank transfer (automatic),25,88.4,2191.15,1,Yes,No
2307-FYNNL,0.4603380137768652,ALTO,Antigüedad,Antigüedad | Tipo de contrato: mes a mes | Tipo de contrato: dos años,Two year,Fiber optic,Electronic check,65,109.05,7108.2,1,No,No
0096-BXERS,0.4600176744769084,ALTO,Servicio de internet: fibra óptica,Servicio de internet: fibra óptica | Tipo de contrato: mes a mes | Cargo mensual,Month-to-month,DSL,Electronic check,6,50.35,314.55,0,Yes,No
6815-ABQFQ,0.4582250579789145,ALTO,Tipo de contrato: mes a mes,Tipo de contrato: mes a mes | Antigüedad | Cargo acumulado,One year,Fiber optic,Electronic check,56,107.25,6033.3,0,Yes,No
4905-JEFDW,0.45667002735684503,ALTO,Tipo de contrato: mes a mes,Tipo de contrato: mes a mes | Tipo de contrato: un año | Método de pago: cheque electrónico,One year,DSL,Electronic check,11,41.6,470.6,0,No,No
2203-GHNWN,0.45610036834561374,ALTO,Cargo acumulado,Cargo acumulado | Antigüedad | Tipo de contrato: mes a mes,Month-to-month,Fiber optic,Mailed check,24,79.65,1928.7,0,Yes,No
6704-UTUKK,0.4559529382526472,ALTO,Antigüedad,Antigüedad | Cargo acumulado | Servicio de internet: fibra óptica,Month-to-month,DSL,Electronic check,29,45.9,1332.4,0,Yes,No
6710-HSJRD,0.4551315190624323,ALTO,Antigüedad,Antigüedad | Cargo acumulado | Soporte técnico: no,Month-to-month,Fiber optic,Electronic check,61,114.1,7132.15,0,Yes,No
8805-JNRAZ,0.45447280710454396,ALTO,Antigüedad,Antigüedad | Servicio de internet: fibra óptica | Tipo de contrato: mes a mes,Month-to-month,DSL,Mailed check,2,49.2,103.7,0,No,No
2770-NSVDG,0.4535217332733268,MEDIO,Antigüedad,Antigüedad | Tipo de contrato: mes a mes | Servicio de internet: fibra óptica,Month-to-month,DSL,Electronic check,24,29.1,688.0,0,Yes,No
9979-RGMZT,0.45300920510148274,MEDIO,Tipo de contrato: mes a mes,Tipo de contrato: mes a mes | Tipo de contrato: un año | Antigüedad,One year,Fiber optic,Mailed check,7,94.05,633.45,0,No,No
8160-HOWOX,0.45084371437240417,MEDIO,Cargo mensual,Cargo mensual | Servicio de internet: fibra óptica | Servicio de internet: DSL,Month-to-month,DSL,Electronic check,7,66.85,458.1,0,No,No
9842-EFSYY,0.4499693703988403,MEDIO,Seguridad en línea: no,Seguridad en línea: no | Servicio de internet: fibra óptica | Tipo de contrato: mes a mes,Month-to-month,DSL,Mailed check,4,57.2,223.75,0,No,Yes
7134-MJPDY,0.4462096593197966,MEDIO,Tipo de contrato: mes a mes,Tipo de contrato: mes a mes | Antigüedad | Cargo acumulado,One year,Fiber optic,Credit card (automatic),66,102.85,6976.75,1,No,No
8620-RJPZN,0.44548644865516435,MEDIO,Antigüedad,Antigüedad | Cargo acumulado | Tipo de contrato: mes a mes,Month-to-month,No,Electronic check,1,20.7,20.7,0,No,No
7853-WNZSY,0.4451540336587783,MEDIO,Antigüedad,Antigüedad | Cargo acumulado | Tipo de contrato: mes a mes,Month-to-month,No,Credit card (automatic),1,19.75,19.75,0,No,No
1493-AMTIE,0.4446070455840936,MEDIO,Antigüedad,Antigüedad | Cargo acumulado | Tipo de contrato: mes a mes,Month-to-month,No,Bank transfer (automatic),1,20.2,20.2,0,No,No
3729-OWRVL,0.4431729969102804,MEDIO,Antigüedad,Antigüedad | Tipo de contrato: mes a mes | Tipo de contrato: dos años,Two year,Fiber optic,Electronic check,65,110.35,7246.15,1,No,No
4840-ORQXB,0.44295915520140244,MEDIO,Antigüedad,Antigüedad | Cargo acumulado | Tipo de contrato: mes a mes,Month-to-month,Fiber optic,Electronic check,56,104.75,5841.35,1,No,No
2501-XWWTZ,0.4406238939714631,MEDIO,Cargo mensual,Cargo mensual | Tipo de contrato: mes a mes | Cargo acumulado,Month-to-month,Fiber optic,Electronic check,11,70.2,760.05,0,No,No
1816-FLZDK,0.4398873434984686,MEDIO,Antigüedad,Antigüedad | Soporte técnico: no | Tipo de contrato: mes a mes,Month-to-month,DSL,Mailed check,1,29.15,29.15,0,No,No
9812-GHVRI,0.4398796004257249,MEDIO,Antigüedad,Antigüedad | Cargo acumulado | Tipo de contrato: mes a mes,Month-to-month,Fiber optic,Bank transfer (automatic),40,83.85,3532.25,0,No,No
7277-OZCGZ,0.4397544696198631,MEDIO,Cargo acumulado,Cargo acumulado | Tipo de contrato: mes a mes | Seguridad en línea: no,Month-to-month,Fiber optic,Electronic check,22,89.05,1886.25,0,No,No
2190-BCXEC,0.4370300302864547,MEDIO,Antigüedad,Antigüedad | Tipo de contrato: mes a mes | Cargo acumulado,Month-to-month,Fiber optic,Credit card (automatic),40,78.85,3126.85,0,Yes,No
2955-PSXOE,0.4366560619241191,MEDIO,Antigüedad,Antigüedad | Cargo acumulado | Tipo de contrato: mes a mes,Month-to-month,No,Bank transfer (automatic),1,20.2,20.2,0,No,No
8714-EUHJO,0.4359536516051518,MEDIO,Antigüedad,Antigüedad | Cargo acumulado | Tipo de contrato: mes a mes,Month-to-month,Fiber optic,Electronic check,31,91.15,2995.45,0,Yes,Yes
2041-JIJCI,0.4348684055654812,MEDIO,Servicio de internet: fibra óptica,Servicio de internet: fibra óptica | Cargo mensual | Servicio de internet: DSL,Month-to-month,DSL,Electronic check,5,64.0,370.25,0,No,No
0310-MVLET,0.43445625032206386,MEDIO,Antigüedad,Antigüedad | Cargo acumulado | Tipo de contrato: mes a mes,Month-to-month,Fiber optic,Electronic check,61,99.15,6010.05,0,Yes,Yes
6543-CPZMK,0.4331156220482107,MEDIO,Servicio de internet: fibra óptica,Servicio de internet: fibra óptica | Tipo de contrato: mes a mes | Servicio de internet: DSL,Month-to-month,DSL,Electronic check,9,29.95,248.95,0,Yes,Yes
6284-AHOOQ,0.43293518418209753,MEDIO,Método de pago: cheque electrónico,Método de pago: cheque electrónico | Cargo acumulado | Soporte técnico: no,Month-to-month,Fiber optic,Bank transfer (automatic),22,90.5,1910.6,1,No,No
2606-RMDHZ,0.43206095314449877,MEDIO,Servicio de internet: fibra óptica,Servicio de internet: fibra óptica | Método de pago: cheque electrónico | Tipo de contrato: mes a mes,Month-to-month,DSL,Credit card (automatic),6,30.5,208.7,0,No,No
5301-GAUUY,0.4319449001937878,MEDIO,Antigüedad,Antigüedad | Tipo de contrato: mes a mes | Cargo acumulado,Month-to-month,Fiber optic,Bank transfer (automatic),32,80.35,2596.15,0,No,No
4256-ZWTZI,0.4316627308319219,MEDIO,Servicio de internet: fibra óptica,Servicio de internet: fibra óptica | Antigüedad | Tipo de contrato: mes a mes,Month-to-month,DSL,Mailed check,5,51.0,286.8,0,No,Yes
3094-JOJAI,0.4306869663097466,MEDIO,Cargo acumulado,Cargo acumulado | Antigüedad | Tipo de contrato: mes a mes,Month-to-month,Fiber optic,Mailed check,18,74.15,1387.0,0,No,No
9661-MHUMO,0.4305458606141724,MEDIO,Antigüedad,Antigüedad | Soporte técnico: no | Cargo acumulado,Month-to-month,DSL,Credit card (automatic),1,49.25,49.25,1,Yes,Yes
9822-WMWVG,0.4303977718784271,MEDIO,Seguridad en línea: no,Seguridad en línea: no | Cargo acumulado | Antigüedad,Month-to-month,Fiber optic,Electronic check,41,106.5,4282.4,0,No,No
7663-RGWBC,0.42890852702538,MEDIO,Antigüedad,Antigüedad | Cargo mensual | Servicio de internet: fibra óptica,Month-to-month,DSL,Mailed check,1,44.15,44.15,0,No,No
1965-DDBWU,0.42860032611146637,MEDIO,Soporte técnico: no,Soporte técnico: no | Método de pago: cheque electrónico | Tipo de contrato: mes a mes,Month-to-month,Fiber optic,Credit card (automatic),16,89.05,1448.6,0,No,No
7279-BUYWN,0.4281479926842287,MEDIO,Antigüedad,Antigüedad | Seguridad en línea: no | Cargo acumulado,Month-to-month,Fiber optic,Electronic check,41,113.2,4689.5,1,No,No
8992-CEUEN,0.42790509585085346,MEDIO,Antigüedad,Antigüedad | Cargo acumulado | Tipo de contrato: mes a mes,Month-to-month,No,Electronic check,1,18.85,18.85,0,No,No
5600-PDUJF,0.4267467823497379,MEDIO,Servicio de internet: fibra óptica,Servicio de internet: fibra óptica | Antigüedad | Tipo de contrato: mes a mes,Month-to-month,DSL,Credit card (automatic),6,49.5,312.7,0,No,No
2480-EJWYP,0.4250898526572789,MEDIO,Tipo de contrato: mes a mes,Tipo de contrato: mes a mes | Antigüedad | Cargo acumulado,One year,Fiber optic,Bank transfer (automatic),58,97.8,5458.8,1,Yes,No
5136-GFPMB,0.4247669905808236,MEDIO,Antigüedad,Antigüedad | Cargo acumulado | Tipo de contrato: mes a mes,Month-to-month,Fiber optic,Credit card (automatic),54,89.4,4869.5,0,No,No
1956-YIFGE,0.4241997723247416,MEDIO,Tipo de contrato: mes a mes,Tipo de contrato: mes a mes | Tipo de contrato: un año | Servicio de internet: fibra óptica,One year,Fiber optic,Mailed check,22,100.05,2090.25,0,Yes,Yes
2386-OWURY,0.42400418583326044,MEDIO,Antigüedad,Antigüedad | Cargo acumulado | Soporte técnico: no,Month-to-month,Fiber optic,Electronic check,58,95.3,5817.7,0,No,No
3069-SSVSN,0.42302526691307446,MEDIO,Tipo de contrato: mes a mes,Tipo de contrato: mes a mes | Antigüedad | Cargo acumulado,One year,DSL,Mailed check,1,25.85,25.85,0,No,No
1550-LOAHA,0.42169347718366157,MEDIO,Antigüedad,Antigüedad | Tipo de contrato: mes a mes | Cargo acumulado,Month-to-month,Fiber optic,Bank transfer (automatic),32,84.15,2585.95,0,Yes,No
3237-AJGEH,0.42121179853531965,MEDIO,Antigüedad,Antigüedad | Soporte técnico: no | Servicio de internet: fibra óptica,Month-to-month,DSL,Mailed check,3,31.0,95.05,0,Yes,Yes
1541-ETJZO,0.4206929910316165,MEDIO,Antigüedad,Antigüedad | Soporte técnico: no | Servicio de internet: fibra óptica,Month-to-month,DSL,Mailed check,1,62.05,62.05,0,No,No
6481-ESCNL,0.42055995898095067,MEDIO,Antigüedad,Antigüedad | Tipo de contrato: mes a mes | Cargo acumulado,Month-to-month,Fiber optic,Bank transfer (automatic),29,100.55,2878.75,0,No,No
1357-BIJKI,0.4187291900794268,MEDIO,Tipo de contrato: mes a mes,Tipo de contrato: mes a mes | Antigüedad | Cargo acumulado,One year,Fiber optic,Electronic check,50,98.25,4858.7,0,Yes,No
8053-WWDRO,0.41687429789320785,MEDIO,Tipo de contrato: mes a mes,Tipo de contrato: mes a mes | Seguridad en línea: no | Servicio de internet: fibra óptica,Month-to-month,No,Bank transfer (automatic),6,19.5,146.3,0,Yes,No
0365-GXEZS,0.4168186275190498,MEDIO,Tipo de contrato: mes a mes,Tipo de contrato: mes a mes | Servicio de internet: fibra óptica | Soporte técnico: no,Month-to-month,Fiber optic,Electronic check,18,78.2,1468.75,0,Yes,No
6729-GDNGC,0.41658459730327857,MEDIO,Cargo acumulado,Cargo acumulado | Antigüedad | Tipo de contrato: mes a mes,Month-to-month,Fiber optic,Bank transfer (automatic),20,80.7,1614.2,1,No,No
6825-UYPFK,0.4165090738785578,MEDIO,Antigüedad,Antigüedad | Cargo acumulado | Tipo de contrato: mes a mes,Month-to-month,Fiber optic,Bank transfer (automatic),23,75.6,1758.6,0,No,No
3932-CMDTD,0.4155814616799523,MEDIO,Tipo de contrato: mes a mes,Tipo de contrato: mes a mes | Tipo de contrato: un año | Antigüedad,One year,Fiber optic,Electronic check,4,105.65,443.9,0,No,No
6874-SGLHU,0.4131206669846035,MEDIO,Tipo de contrato: mes a mes,Tipo de contrato: mes a mes | Antigüedad | Cargo acumulado,One year,Fiber optic,Bank transfer (automatic),30,97.0,3021.3,0,No,No
4323-SADQS,0.4106925253788188,MEDIO,Servicio de internet: fibra óptica,Servicio de internet: fibra óptica | Tipo de contrato: mes a mes | Seguridad en línea: no,Month-to-month,DSL,Electronic check,7,34.5,279.25,0,Yes,Yes
0778-NELLA,0.4100123183971162,MEDIO,Método de pago: cheque electrónico,Método de pago: cheque electrónico | Servicio de internet: fibra óptica | Método de pago: tarjeta de crédito automática,Month-to-month,DSL,Credit card (automatic),9,34.7,296.1,0,No,No
3331-HQDTW,0.4097451008304284,MEDIO,Seguridad en línea: no,Seguridad en línea: no | Antigüedad | Cargo acumulado,Month-to-month,Fiber optic,Mailed check,34,109.8,3587.25,0,No,No
7876-BEUTG,0.40887717511217464,MEDIO,Servicio de internet: fibra óptica,Servicio de internet: fibra óptica | Método de pago: cheque electrónico | Cargo mensual,Month-to-month,DSL,Mailed check,15,48.8,720.1,0,No,No
2971-SGAFL,0.4083033215982121,MEDIO,Servicio de internet: fibra óptica,Servicio de internet: fibra óptica | Seguridad en línea: no | Tipo de contrato: mes a mes,Month-to-month,DSL,Electronic check,13,78.75,995.35,0,No,No
6559-RAKOZ,0.4080441417240656,MEDIO,Tipo de contrato: mes a mes,Tipo de contrato: mes a mes | Antigüedad | Cargo acumulado,One year,Fiber optic,Electronic check,49,97.95,4917.9,0,Yes,Yes
8914-RBTSB,0.40744279964505303,MEDIO,Antigüedad,Antigüedad | Cargo acumulado | Tipo de contrato: mes a mes,Month-to-month,Fiber optic,Electronic check,31,93.8,3019.5,0,Yes,No
4829-AUOAX,0.4069710091413409,MEDIO,Antigüedad,Antigüedad | Cargo acumulado | Tipo de contrato: mes a mes,Month-to-month,Fiber optic,Bank transfer (automatic),46,96.05,4399.5,0,No,No
6234-PFPXL,0.40589888478686664,MEDIO,Tipo de contrato: mes a mes,Tipo de contrato: mes a mes | Soporte técnico: no | Servicio de internet: fibra óptica,Month-to-month,Fiber optic,Credit card (automatic),22,95.9,2234.95,0,Yes,No
5934-TSSAU,0.40559683186157075,MEDIO,Cargo acumulado,Cargo acumulado | Antigüedad | Tipo de contrato: mes a mes,Month-to-month,Fiber optic,Credit card (automatic),23,75.3,1702.9,0,Yes,Yes
1310-QRITU,0.40534144548637757,MEDIO,Servicio de internet: fibra óptica,Servicio de internet: fibra óptica | Cargo mensual | Cargo acumulado,Month-to-month,DSL,Electronic check,18,50.3,913.3,0,No,No
7529-ZDFXI,0.4051113581753537,MEDIO,Antigüedad,Antigüedad | Cargo acumulado | Tipo de contrato: mes a mes,Month-to-month,Fiber optic,Electronic check,57,89.85,4925.35,1,Yes,No
0870-VEMYL,0.40451303879080747,MEDIO,Tipo de contrato: mes a mes,Tipo de contrato: mes a mes | Antigüedad | Seguridad en línea: no,Month-to-month,DSL,Credit card (automatic),5,53.85,259.8,0,No,No
3893-JRNFS,0.4044804402113421,MEDIO,Antigüedad,Antigüedad | Cargo acumulado | Tipo de contrato: mes a mes,Month-to-month,DSL,Bank transfer (automatic),68,39.9,2796.35,0,No,No
1809-DMJHQ,0.4034247668299077,MEDIO,Servicio de internet: fibra óptica,Servicio de internet: fibra óptica | Tipo de contrato: mes a mes | Antigüedad,Month-to-month,DSL,Mailed check,5,46.0,221.7,0,No,Yes
8033-VCZGH,0.40311840053930575,MEDIO,Tipo de contrato: mes a mes,Tipo de contrato: mes a mes | Antigüedad | Seguridad en línea: no,One year,Fiber optic,Electronic check,50,103.95,5231.3,0,Yes,No
8158-WPEZG,0.4028518671213476,MEDIO,Servicio de internet: fibra óptica,Servicio de internet: fibra óptica | Soporte técnico: no | Tipo de contrato: mes a mes,Month-to-month,DSL,Electronic check,11,35.65,425.1,0,No,No
6227-HWPWX,0.40196511829079773,MEDIO,Cargo mensual,Cargo mensual | Tipo de contrato: mes a mes | Servicio de internet: fibra óptica,Month-to-month,Fiber optic,Bank transfer (automatic),15,69.0,994.8,0,No,Yes
2070-FNEXE,0.4011841429902184,MEDIO,Seguridad en línea: no,Seguridad en línea: no | Tipo de contrato: mes a mes | Servicio de internet: fibra óptica,Month-to-month,Fiber optic,Bank transfer (automatic),7,76.45,503.6,1,No,No
0668-OGMHD,0.3995828138616463,MEDIO,Tipo de contrato: mes a mes,Tipo de contrato: mes a mes | Servicio de internet: fibra óptica | Método de pago: cheque electrónico,Month-to-month,DSL,Electronic check,21,28.5,629.35,0,Yes,No
2668-TZSPS,0.3982504795229944,MEDIO,Antigüedad,Antigüedad | Tipo de contrato: mes a mes | Cargo mensual,Month-to-month,No,Mailed check,1,20.45,20.45,0,No,No
1205-WNWPJ,0.39822464478781294,MEDIO,Cargo mensual,Cargo mensual | Servicio de internet: fibra óptica | Tipo de contrato: mes a mes,Month-to-month,DSL,Mailed check,7,59.5,415.95,0,No,No
6777-TGHTM,0.3965012209544189,MEDIO,Tipo de contrato: mes a mes,Tipo de contrato: mes a mes | Antigüedad | Seguridad en línea: no,One year,Fiber optic,Credit card (automatic),53,106.95,5785.5,0,No,No
4468-YDOVK,0.3953664484169531,MEDIO,Antigüedad,Antigüedad | Servicio de internet: fibra óptica | Soporte técnico: no,Month-to-month,DSL,Bank transfer (automatic),5,48.65,235.2,0,No,Yes
3587-PMCOY,0.39492853568601677,MEDIO,Tipo de contrato: mes a mes,Tipo de contrato: mes a mes | Tipo de contrato: un año | Seguridad en línea: no,One year,Fiber optic,Electronic check,10,98.9,1064.95,0,No,No
1194-SPVSP,0.39371923170597123,MEDIO,Antigüedad,Antigüedad | Cargo acumulado | Tipo de contrato: mes a mes,Month-to-month,No,Bank transfer (automatic),1,19.65,19.65,0,No,No
9048-JVYVF,0.3929577281527619,MEDIO,Servicio de internet: fibra óptica,Servicio de internet: fibra óptica | Cargo mensual | Soporte técnico: no,Month-to-month,DSL,Electronic check,3,69.35,191.35,0,No,No
2669-QVCRG,0.39221528033176106,MEDIO,Antigüedad,Antigüedad | Tipo de contrato: mes a mes | Seguridad en línea: no,Month-to-month,Fiber optic,Credit card (automatic),41,81.3,3190.65,0,No,No
7129-ACFOG,0.3891392505833491,MEDIO,Seguridad en línea: no,Seguridad en línea: no | Servicio de internet: fibra óptica | Cargo mensual,Month-to-month,DSL,Electronic check,5,53.8,283.95,0,No,No
6898-MDLZW,0.38840247480362433,MEDIO,Servicio de internet: fibra óptica,Servicio de internet: fibra óptica | Tipo de contrato: mes a mes | Servicio de internet: DSL,Month-to-month,DSL,Mailed check,12,53.75,648.65,0,No,No
5402-HTOTQ,0.38821263992684507,MEDIO,Servicio de internet: fibra óptica,Servicio de internet: fibra óptica | Tipo de contrato: mes a mes | Cargo mensual,Month-to-month,DSL,Electronic check,16,55.3,875.35,0,No,No
4693-VWVBO,0.38818336305960427,MEDIO,Tipo de contrato: mes a mes,Tipo de contrato: mes a mes | Seguridad en línea: no | Antigüedad,Month-to-month,No,Electronic check,3,19.55,61.05,0,No,No
4983-CLMLV,0.38647567937628,MEDIO,Antigüedad,Antigüedad | Cargo acumulado | Soporte técnico: no,Month-to-month,Fiber optic,Credit card (automatic),52,102.7,5138.1,0,Yes,No
9079-YEXQJ,0.3841690292096203,MEDIO,Antigüedad,Antigüedad | Cargo acumulado | Soporte técnico: no,Month-to-month,Fiber optic,Electronic check,54,111.1,6014.85,0,No,No
0297-RBCSG,0.3840587533469388,MEDIO,Tipo de contrato: mes a mes,Tipo de contrato: mes a mes | Seguridad en línea: no | Cargo mensual,One year,DSL,Bank transfer (automatic),19,65.35,1231.85,0,No,No
7893-IXHRQ,0.3818191177836999,MEDIO,Antigüedad,Antigüedad | Cargo acumulado | Tipo de contrato: mes a mes,Month-to-month,No,Electronic check,1,20.55,20.55,0,No,No
8988-ECPJR,0.38138661554291803,MEDIO,Antigüedad,Antigüedad | Tipo de contrato: mes a mes | Cargo acumulado,Month-to-month,Fiber optic,Mailed check,34,79.6,2718.3,1,Yes,Yes
5482-NUPNA,0.38032135089709734,MEDIO,Antigüedad,Antigüedad | Cargo mensual | Tipo de contrato: mes a mes,Month-to-month,DSL,Mailed check,4,60.4,272.15,0,No,No
2798-NYLMZ,0.38002247108674464,MEDIO,Antigüedad,Antigüedad | Tipo de contrato: mes a mes | Tipo de contrato: dos años,Two year,Fiber optic,Credit card (automatic),71,108.55,7616.0,0,Yes,No
2178-PMGCJ,0.37991099229868036,MEDIO,Cargo acumulado,Cargo acumulado | Cargo mensual | Antigüedad,Month-to-month,Fiber optic,Mailed check,22,69.7,1490.4,0,No,No
8450-JOVAH,0.3795337145194589,MEDIO,Seguridad en línea: no,Seguridad en línea: no | Antigüedad | Servicio de internet: fibra óptica,Month-to-month,DSL,Mailed check,2,56.7,113.55,0,Yes,Yes
4993-JCRGJ,0.3776519167546736,MEDIO,Antigüedad,Antigüedad | Cargo acumulado | Método de pago: cheque electrónico,Month-to-month,Fiber optic,Mailed check,26,84.3,2281.6,0,No,No
9256-JTBNZ,0.37748179619590494,MEDIO,Tipo de contrato: mes a mes,Tipo de contrato: mes a mes | Servicio de internet: fibra óptica | Cargo mensual,Month-to-month,No,Bank transfer (automatic),11,20.3,246.3,0,No,No
0327-WFZSY,0.3760369192111573,MEDIO,Tipo de contrato: mes a mes,Tipo de contrato: mes a mes | Antigüedad | Cargo acumulado,One year,Fiber optic,Electronic check,39,100.0,3835.55,0,Yes,Yes
9481-SFCQY,0.37369552653815186,MEDIO,Servicio de internet: fibra óptica,Servicio de internet: fibra óptica | Cargo mensual | Tipo de contrato: mes a mes,Month-to-month,DSL,Credit card (automatic),14,59.8,824.85,0,No,Yes
7055-HNEOJ,0.37234473747372543,MEDIO,Antigüedad,Antigüedad | Servicio de internet: fibra óptica | Soporte técnico: no,Month-to-month,DSL,Mailed check,3,55.8,154.55,0,Yes,No
8840-DQLGN,0.37206426604432513,MEDIO,Antigüedad,Antigüedad | Tipo de contrato: mes a mes | Cargo acumulado,Month-to-month,Fiber optic,Bank transfer (automatic),35,100.5,3653.35,1,Yes,No
9537-VHDTA,0.371632908081127,MEDIO,Antigüedad,Antigüedad | Seguridad en línea: no | Servicio de internet: fibra óptica,Month-to-month,DSL,Mailed check,1,51.2,51.2,0,No,Yes
9710-ZUSHQ,0.3712675019830506,MEDIO,Antigüedad,Antigüedad | Seguridad en línea: no | Cargo acumulado,Month-to-month,Fiber optic,Bank transfer (automatic),37,106.75,4056.75,1,No,No
3011-WQKSZ,0.37081113737990806,MEDIO,Tipo de contrato: mes a mes,Tipo de contrato: mes a mes | Servicio de internet: fibra óptica | Seguridad en línea: no,Month-to-month,No,Electronic check,19,20.0,377.55,0,No,Yes
5766-ZJYBB,0.370282287475725,MEDIO,Antigüedad,Antigüedad | Cargo mensual | Cargo acumulado,Month-to-month,No,Mailed check,1,19.4,19.4,0,No,No
0486-HECZI,0.36910631875489075,MEDIO,Antigüedad,Antigüedad | Cargo acumulado | Seguridad en línea: no,Month-to-month,Fiber optic,Electronic check,55,96.75,5238.9,0,Yes,No
1360-JYXKQ,0.3661682218673454,MEDIO,Tipo de contrato: mes a mes,Tipo de contrato: mes a mes | Antigüedad | Cargo acumulado,One year,Fiber optic,Electronic check,54,99.1,5437.1,1,Yes,No
7471-MQPOS,0.36538431422496503,MEDIO,Antigüedad,Antigüedad | Tipo de contrato: mes a mes | Cargo acumulado,One year,DSL,Bank transfer (automatic),71,72.9,5139.65,1,Yes,Yes
5609-IMCGG,0.3653783253487571,MEDIO,Seguridad en línea: no,Seguridad en línea: no | Tipo de contrato: mes a mes | Cargo acumulado,Month-to-month,Fiber optic,Credit card (automatic),15,84.35,1302.65,0,No,No
6331-LWDTQ,0.3649870875740617,MEDIO,Servicio de internet: fibra óptica,Servicio de internet: fibra óptica | Cargo mensual | Servicio de internet: DSL,Month-to-month,DSL,Credit card (automatic),10,72.15,794.25,0,No,No
2828-SLQPF,0.3647394376008501,MEDIO,Servicio de internet: fibra óptica,Servicio de internet: fibra óptica | Antigüedad | Cargo acumulado,Month-to-month,DSL,Bank transfer (automatic),19,45.0,865.85,0,No,No
3787-TRIAL,0.36403820372695717,MEDIO,Servicio de internet: fibra óptica,Servicio de internet: fibra óptica | Método de pago: cheque electrónico | Antigüedad,Month-to-month,DSL,Electronic check,21,26.05,565.75,0,Yes,Yes
4724-WXVWF,0.3640056398126804,MEDIO,Antigüedad,Antigüedad | Seguridad en línea: no | Cargo acumulado,Month-to-month,Fiber optic,Electronic check,48,95.4,4445.3,0,No,No
9700-ISPUP,0.3632187413523157,MEDIO,Servicio de internet: fibra óptica,Servicio de internet: fibra óptica | Cargo mensual | Servicio de internet: DSL,Month-to-month,DSL,Electronic check,10,65.5,616.9,0,Yes,Yes
2293-IJWPS,0.3608764687995546,MEDIO,Tipo de contrato: mes a mes,Tipo de contrato: mes a mes | Antigüedad | Cargo acumulado,One year,Fiber optic,Credit card (automatic),57,100.75,5985.0,0,Yes,No
4640-UHDOS,0.3598261044257251,MEDIO,Servicio de internet: fibra óptica,Servicio de internet: fibra óptica | Cargo mensual | Servicio de internet: DSL,Month-to-month,DSL,Electronic check,13,55.95,734.35,0,Yes,Yes
1963-VAUKV,0.35937817241647,MEDIO,Antigüedad,Antigüedad | Cargo mensual | Tipo de contrato: mes a mes,Month-to-month,No,Mailed check,1,20.4,20.4,0,No,No
0431-APWVY,0.35858224363852736,MEDIO,Tipo de contrato: mes a mes,Tipo de contrato: mes a mes | Antigüedad | Tipo de contrato: un año,One year,Fiber optic,Bank transfer (automatic),28,90.1,2598.95,0,Yes,Yes
4695-VADHF,0.35434451876781703,MEDIO,Servicio de internet: fibra óptica,Servicio de internet: fibra óptica | Cargo mensual | Método de pago: cheque electrónico,Month-to-month,DSL,Electronic check,18,57.45,990.85,0,Yes,Yes
5575-TPIZQ,0.3542938178603996,MEDIO,Antigüedad,Antigüedad | Cargo acumulado | Seguridad en línea: no,Month-to-month,Fiber optic,Credit card (automatic),46,89.15,4245.55,0,No,No
2587-EKXTS,0.3534899990170304,MEDIO,Seguridad en línea: no,Seguridad en línea: no | Antigüedad | Cargo acumulado,Month-to-month,Fiber optic,Electronic check,44,111.5,4915.15,0,No,No
0422-UXFAP,0.352314447157199,MEDIO,Tipo de contrato: mes a mes,Tipo de contrato: mes a mes | Antigüedad | Cargo acumulado,One year,Fiber optic,Electronic check,51,98.85,4947.55,0,Yes,No
2911-WDXMV,0.349760327348888,MEDIO,Cargo acumulado,Cargo acumulado | Método de pago: cheque electrónico | Tipo de contrato: mes a mes,Month-to-month,Fiber optic,Credit card (automatic),18,80.55,1406.65,0,No,Yes
4211-MMAZN,0.3484924654938334,MEDIO,Antigüedad,Antigüedad | Cargo mensual | Tipo de contrato: mes a mes,Month-to-month,No,Mailed check,1,20.25,20.25,0,No,No
1217-VASWC,0.34841172201782666,MEDIO,Tipo de contrato: mes a mes,Tipo de contrato: mes a mes | Antigüedad | Cargo acumulado,One year,Fiber optic,Bank transfer (automatic),43,100.55,4304.0,1,Yes,No
1174-FGIFN,0.34728706857367114,MEDIO,Tipo de contrato: mes a mes,Tipo de contrato: mes a mes | Tipo de contrato: un año | Soporte técnico: no,One year,Fiber optic,Electronic check,28,90.45,2509.25,0,Yes,Yes
0058-EVZWM,0.3462476731657605,MEDIO,Antigüedad,Antigüedad | Cargo acumulado | Tipo de contrato: mes a mes,Month-to-month,Fiber optic,Bank transfer (automatic),55,89.8,4959.6,0,Yes,No
7572-KPVKK,0.34596349502518486,MEDIO,Tipo de contrato: dos años,Tipo de contrato: dos años | Tipo de contrato: mes a mes | Antigüedad,Two year,Fiber optic,Electronic check,62,104.05,6590.5,0,No,Yes
0742-MOABM,0.3413098208688311,MEDIO,Soporte técnico: no,Soporte técnico: no | Servicio de internet: fibra óptica | Antigüedad,Month-to-month,DSL,Mailed check,4,50.05,179.35,0,Yes,No
0913-XWSCN,0.33984289071097806,MEDIO,Antigüedad,Antigüedad | Cargo acumulado | Tipo de contrato: mes a mes,Month-to-month,Fiber optic,Bank transfer (automatic),55,85.5,4713.4,0,Yes,Yes
5533-RJFTJ,0.33939373814217416,MEDIO,Antigüedad,Antigüedad | Cargo acumulado | Tipo de contrato: mes a mes,Month-to-month,DSL,Bank transfer (automatic),49,30.2,1453.1,0,No,No
9278-VZKCD,0.33864611639910386,MEDIO,Antigüedad,Antigüedad | Seguridad en línea: no | Cargo acumulado,Month-to-month,Fiber optic,Electronic check,52,109.1,5647.95,1,Yes,No
0363-QJVFX,0.33793617534422193,MEDIO,Antigüedad,Antigüedad | Cargo acumulado | Seguridad en línea: no,Month-to-month,Fiber optic,Credit card (automatic),32,108.15,3432.9,0,No,No
6733-LRIZX,0.3371954400412329,MEDIO,Tipo de contrato: mes a mes,Tipo de contrato: mes a mes | Tipo de contrato: dos años | Antigüedad,Two year,Fiber optic,Electronic check,35,108.95,4025.5,0,No,No
2692-PFYTJ,0.3370417230382924,MEDIO,Antigüedad,Antigüedad | Cargo mensual | Tipo de contrato: mes a mes,Month-to-month,No,Mailed check,1,25.75,25.75,0,No,No
3604-WLABM,0.33700275739044566,MEDIO,Servicio de internet: fibra óptica,Servicio de internet: fibra óptica | Tipo de contrato: mes a mes | Soporte técnico: no,Month-to-month,DSL,Electronic check,10,54.25,583.0,0,No,No
9013-AQORL,0.3364093160575509,MEDIO,Antigüedad,Antigüedad | Cargo acumulado | Tipo de contrato: mes a mes,Month-to-month,DSL,Credit card (automatic),48,45.55,2108.35,0,No,Yes
9327-QSDED,0.3363252567248416,MEDIO,Cargo mensual,Cargo mensual | Método de pago: cheque electrónico | Servicio de internet: fibra óptica,Month-to-month,DSL,Mailed check,8,43.55,335.4,0,No,No
7251-XFOIL,0.33501141019142716,MEDIO,Antigüedad,Antigüedad | Cargo acumulado | Tipo de contrato: mes a mes,Month-to-month,Fiber optic,Mailed check,61,89.2,5500.6,0,No,No
2139-FQHLM,0.3346975040884591,MEDIO,Cargo acumulado,Cargo acumulado | Soporte técnico: no | Tipo de contrato: mes a mes,Month-to-month,Fiber optic,Mailed check,19,89.95,1682.4,0,No,No
4402-FTBXC,0.3343788818907457,MEDIO,Antigüedad,Antigüedad | Cargo acumulado | Tipo de contrato: mes a mes,Month-to-month,Fiber optic,Mailed check,54,89.8,4667.0,0,No,No
9139-WQQDY,0.33382710017648926,MEDIO,Tipo de contrato: mes a mes,Tipo de contrato: mes a mes | Antigüedad | Cargo acumulado,One year,Fiber optic,Mailed check,49,100.45,4941.8,0,Yes,Yes
4619-EVPHY,0.33343648174698487,MEDIO,Tipo de contrato: mes a mes,Tipo de contrato: mes a mes | Tipo de contrato: un año | Cargo acumulado,One year,Fiber optic,Bank transfer (automatic),20,91.0,1859.5,1,Yes,No
5213-TWWJU,0.33281781597825344,MEDIO,Antigüedad,Antigüedad | Cargo acumulado | Tipo de contrato: mes a mes,Month-to-month,Fiber optic,Electronic check,28,91.0,2626.15,0,No,No
9097-ZUBYC,0.3328093511587929,MEDIO,Servicio de internet: fibra óptica,Servicio de internet: fibra óptica | Tipo de contrato: mes a mes | Método de pago: cheque electrónico,Month-to-month,DSL,Bank transfer (automatic),14,48.8,664.4,0,Yes,No
6583-SZVGP,0.3326895222709489,MEDIO,Tipo de contrato: mes a mes,Tipo de contrato: mes a mes | Tipo de contrato: dos años | Antigüedad,Two year,Fiber optic,Bank transfer (automatic),48,108.1,5067.45,0,No,No
7623-TRNQN,0.3323065908895415,MEDIO,Soporte técnico: no,Soporte técnico: no | Antigüedad | Soporte técnico: sí,Month-to-month,DSL,Mailed check,1,49.9,49.9,0,No,Yes
9820-RMCQV,0.3316195271251353,MEDIO,Tipo de contrato: mes a mes,Tipo de contrato: mes a mes | Servicio de internet: fibra óptica | Método de pago: cheque electrónico,Month-to-month,DSL,Credit card (automatic),11,48.55,501.0,0,No,No
9701-CDXHR,0.33088943099876444,MEDIO,Antigüedad,Antigüedad | Cargo acumulado | Tipo de contrato: mes a mes,Month-to-month,Fiber optic,Mailed check,51,69.15,3649.6,0,Yes,No
6664-FPDAC,0.33067767972945655,MEDIO,Antigüedad,Antigüedad | Tipo de contrato: mes a mes | Cargo acumulado,One year,Fiber optic,Electronic check,56,111.95,6418.9,1,No,No
1395-OFUWC,0.3299152334153583,MEDIO,Antigüedad,Antigüedad | Tipo de contrato: mes a mes | Servicio de internet: fibra óptica,Month-to-month,DSL,Credit card (automatic),43,29.3,1224.05,0,Yes,Yes
7395-XWZOY,0.329652675126167,MEDIO,Tipo de contrato: mes a mes,Tipo de contrato: mes a mes | Servicio de internet: fibra óptica | Soporte técnico: no,Month-to-month,DSL,Credit card (automatic),20,55.0,1165.55,0,No,No
7017-VFULY,0.32923791537272,MEDIO,Tipo de contrato: mes a mes,Tipo de contrato: mes a mes | Seguridad en línea: no | Servicio de internet: fibra óptica,Month-to-month,No,Bank transfer (automatic),2,20.1,43.15,0,Yes,No
6711-VTNRE,0.329142257016533,MEDIO,Antigüedad,Antigüedad | Cargo acumulado | Soporte técnico: no,Month-to-month,Fiber optic,Electronic check,36,87.55,3078.1,0,No,No
5537-UXXVS,0.32838629600536506,MEDIO,Tipo de contrato: mes a mes,Tipo de contrato: mes a mes | Servicio de internet: fibra óptica | Seguridad en línea: no,Month-to-month,No,Bank transfer (automatic),20,19.25,375.25,0,Yes,No
4003-FUSHP,0.32808580398843307,MEDIO,Cargo mensual,Cargo mensual | Servicio de internet: fibra óptica | Soporte técnico: no,Month-to-month,DSL,Credit card (automatic),19,61.55,1093.2,0,No,No
7426-WEIJX,0.3280614694464223,MEDIO,Antigüedad,Antigüedad | Cargo acumulado | Seguridad en línea: no,Month-to-month,Fiber optic,Electronic check,60,80.95,4859.1,1,Yes,Yes
1436-ZMJAN,0.32717873609497133,MEDIO,Servicio de internet: fibra óptica,Servicio de internet: fibra óptica | Cargo mensual | Servicio de internet: DSL,Month-to-month,DSL,Credit card (automatic),10,67.8,653.15,0,Yes,No
9103-TCIHJ,0.3261146996822924,MEDIO,Servicio de internet: fibra óptica,Servicio de internet: fibra óptica | Cargo mensual | Tipo de contrato: mes a mes,Month-to-month,DSL,Mailed check,15,55.7,899.8,0,No,No
2061-VVFST,0.325542604261191,MEDIO,Antigüedad,Antigüedad | Tipo de contrato: mes a mes | Servicio de internet: fibra óptica,Month-to-month,No,Bank transfer (automatic),37,19.5,805.2,0,Yes,No
3018-TFTSU,0.3253694087105073,MEDIO,Seguridad en línea: no,Seguridad en línea: no | Tipo de contrato: mes a mes | Servicio de internet: fibra óptica,Month-to-month,Fiber optic,Bank transfer (automatic),12,81.7,858.6,0,No,No
4760-THGOT,0.3250792361875217,MEDIO,Antigüedad,Antigüedad | Seguridad en línea: no | Cargo acumulado,Month-to-month,Fiber optic,Electronic check,43,94.1,4107.3,0,Yes,No
2924-KHUVI,0.32454416489152793,MEDIO,Tipo de contrato: mes a mes,Tipo de contrato: mes a mes | Antigüedad | Seguridad en línea: no,One year,Fiber optic,Electronic check,56,100.55,5514.95,0,Yes,No
1169-WCVAK,0.32313934188764337,MEDIO,Soporte técnico: no,Soporte técnico: no | Seguridad en línea: no | Tipo de contrato: mes a mes,Month-to-month,Fiber optic,Credit card (automatic),19,88.8,1672.35,0,Yes,No
3466-WAESX,0.3228351204537044,MEDIO,Servicio de internet: fibra óptica,Servicio de internet: fibra óptica | Cargo mensual | Tipo de contrato: mes a mes,Month-to-month,DSL,Electronic check,16,69.1,1083.7,0,No,Yes
5630-AHZIL,0.32209414271343767,MEDIO,Servicio de internet: fibra óptica,Servicio de internet: fibra óptica | Antigüedad | Seguridad en línea: no,Month-to-month,DSL,Bank transfer (automatic),3,64.5,177.4,0,No,Yes
6646-QVXLR,0.32192026395654405,MEDIO,Tipo de contrato: mes a mes,Tipo de contrato: mes a mes | Antigüedad | Cargo acumulado,One year,Fiber optic,Electronic check,62,103.75,6383.35,1,Yes,No
4524-QCSSM,0.3217814858799012,MEDIO,Seguridad en línea: no,Seguridad en línea: no | Tipo de contrato: mes a mes | Servicio de internet: fibra óptica,Month-to-month,DSL,Bank transfer (automatic),26,44.65,1156.55,0,No,No
3948-FVVRP,0.31908288729424056,MEDIO,Servicio de internet: fibra óptica,Servicio de internet: fibra óptica | Tipo de contrato: mes a mes | Servicio de internet: DSL,Month-to-month,DSL,Mailed check,9,54.8,452.8,0,Yes,Yes
6968-MHOMU,0.3183926032577148,MEDIO,Tipo de contrato: mes a mes,Tipo de contrato: mes a mes | Antigüedad | Cargo acumulado,One year,DSL,Credit card (automatic),58,45.0,2689.35,0,Yes,No
9122-UMROB,0.3179022861325989,MEDIO,Antigüedad,Antigüedad | Cargo mensual | Tipo de contrato: mes a mes,Month-to-month,No,Mailed check,1,20.3,20.3,0,No,No
0365-TRTPY,0.3157309027828176,MEDIO,Antigüedad,Antigüedad | Tipo de contrato: mes a mes | Cargo acumulado,Month-to-month,Fiber optic,Bank transfer (automatic),37,91.2,3382.3,0,No,No
8985-OOPOS,0.3143672796670754,MEDIO,Tipo de contrato: mes a mes,Tipo de contrato: mes a mes | Antigüedad | Cargo acumulado,One year,DSL,Credit card (automatic),1,74.1,74.1,0,No,No
1848-LBZHY,0.31400004752513977,MEDIO,Servicio de internet: fibra óptica,Servicio de internet: fibra óptica | Tipo de contrato: mes a mes | Seguridad en línea: no,Month-to-month,DSL,Bank transfer (automatic),7,50.3,355.1,0,Yes,No
7251-LJBQN,0.31381329831422883,MEDIO,Tipo de contrato: mes a mes,Tipo de contrato: mes a mes | Antigüedad | Cargo acumulado,One year,Fiber optic,Credit card (automatic),40,103.75,4188.4,1,No,No
1559-DTODC,0.312846829410302,MEDIO,Método de pago: cheque electrónico,Método de pago: cheque electrónico | Cargo mensual | Antigüedad,Month-to-month,DSL,Bank transfer (automatic),19,25.15,468.35,0,No,No
8455-HIRAQ,0.3124266192500433,MEDIO,Servicio de internet: fibra óptica,Servicio de internet: fibra óptica | Cargo mensual | Tipo de contrato: mes a mes,Month-to-month,DSL,Mailed check,8,44.45,369.3,0,No,No
7067-KSAZT,0.3117797214994313,MEDIO,Tipo de contrato: mes a mes,Tipo de contrato: mes a mes | Antigüedad | Cargo acumulado,One year,Fiber optic,Electronic check,65,106.25,6979.8,1,Yes,No
5236-PERKL,0.31098099250199956,MEDIO,Tipo de contrato: mes a mes,Tipo de contrato: mes a mes | Tipo de contrato: dos años | Antigüedad,Two year,Fiber optic,Bank transfer (automatic),57,112.95,6465.0,0,No,No
4973-RLZVI,0.3098560719510665,MEDIO,Tipo de contrato: mes a mes,Tipo de contrato: mes a mes | Servicio de internet: fibra óptica | Cargo acumulado,One year,DSL,Credit card (automatic),30,74.65,2308.6,0,No,No
1855-CFULU,0.3089630479619794,MEDIO,Tipo de contrato: mes a mes,Tipo de contrato: mes a mes | Seguridad en línea: no | Soporte técnico: no,Month-to-month,No,Mailed check,4,20.05,91.45,1,No,No
2257-BOVXD,0.30833872447100363,MEDIO,Servicio de internet: fibra óptica,Servicio de internet: fibra óptica | Cargo mensual | Servicio de internet: DSL,Month-to-month,DSL,Credit card (automatic),14,66.6,979.5,0,Yes,No
9986-BONCE,0.30726432577296414,MEDIO,Tipo de contrato: mes a mes,Tipo de contrato: mes a mes | Seguridad en línea: no | Cargo mensual,Month-to-month,No,Bank transfer (automatic),4,20.95,85.5,0,No,No
9767-FFLEM,0.3071558496917523,MEDIO,Antigüedad,Antigüedad | Cargo acumulado | Cargo mensual,Month-to-month,Fiber optic,Credit card (automatic),38,69.5,2625.25,0,No,No
2279-AXJJK,0.3065407166936709,MEDIO,Antigüedad,Antigüedad | Cargo acumulado | Soporte técnico: no,Month-to-month,Fiber optic,Credit card (automatic),52,95.65,5088.4,0,Yes,No
4945-RVMTE,0.3061885720377227,MEDIO,Cargo acumulado,Cargo acumulado | Antigüedad | Servicio de internet: fibra óptica,Month-to-month,DSL,Bank transfer (automatic),28,59.55,1646.45,0,No,No
6270-OMFIW,0.29923177868060286,MEDIO,Tipo de contrato: mes a mes,Tipo de contrato: mes a mes | Antigüedad | Cargo acumulado,One year,Fiber optic,Electronic check,60,94.4,5610.25,0,Yes,No
0895-LMRSF,0.2946301856578585,MEDIO,Tipo de contrato: mes a mes,Tipo de contrato: mes a mes | Cargo acumulado | Cargo mensual,One year,DSL,Bank transfer (automatic),23,64.9,1509.8,0,No,No
4672-FOTSD,0.2942522913642808,MEDIO,Servicio de internet: fibra óptica,Servicio de internet: fibra óptica | Cargo mensual | Tipo de contrato: mes a mes,Month-to-month,DSL,Electronic check,12,67.25,832.3,0,No,No
0484-FFVBJ,0.29371887410097425,MEDIO,Tipo de contrato: mes a mes,Tipo de contrato: mes a mes | Antigüedad | Cargo acumulado,One year,DSL,Bank transfer (automatic),32,64.85,2010.95,0,No,No
3207-OYBWH,0.2920820152443428,MEDIO,Antigüedad,Antigüedad | Cargo acumulado | Tipo de contrato: mes a mes,Month-to-month,Fiber optic,Bank transfer (automatic),57,95.25,5427.05,1,Yes,No
6854-EXGSF,0.29158031400467443,MEDIO,Servicio de internet: fibra óptica,Servicio de internet: fibra óptica | Cargo mensual | Tipo de contrato: mes a mes,Month-to-month,DSL,Bank transfer (automatic),8,65.5,573.15,0,No,No
9758-MFWGD,0.29129238073015906,MEDIO,Tipo de contrato: mes a mes,Tipo de contrato: mes a mes | Antigüedad | Seguridad en línea: no,One year,DSL,Bank transfer (automatic),48,29.9,1388.75,1,Yes,Yes
8671-KKKOS,0.29007688996381054,MEDIO,Antigüedad,Antigüedad | Tipo de contrato: mes a mes | Cargo acumulado,Month-to-month,DSL,Electronic check,46,45.55,2062.15,0,Yes,No
6773-LQTVT,0.28997395913837637,MEDIO,Antigüedad,Antigüedad | Servicio de internet: fibra óptica | Tipo de contrato: mes a mes,Month-to-month,DSL,Mailed check,29,35.65,1025.15,1,Yes,Yes
8190-ZTQFB,0.2894801421774639,MEDIO,Tipo de contrato: mes a mes,Tipo de contrato: mes a mes | Antigüedad | Cargo acumulado,One year,DSL,Electronic check,41,51.35,2075.1,0,No,No
0471-ARVMX,0.28888643251296736,MEDIO,Antigüedad,Antigüedad | Tipo de contrato: mes a mes | Cargo acumulado,One year,Fiber optic,Electronic check,62,104.85,6312.9,1,Yes,No
4190-MFLUW,0.2884701300577966,MEDIO,Servicio de internet: fibra óptica,Servicio de internet: fibra óptica | Tipo de contrato: mes a mes | Cargo mensual,Month-to-month,DSL,Credit card (automatic),10,55.2,528.35,0,Yes,Yes
3639-XJHKQ,0.28811127700905176,MEDIO,Servicio de internet: fibra óptica,Servicio de internet: fibra óptica | Cargo mensual | Cargo acumulado,Month-to-month,DSL,Electronic check,19,60.6,1297.8,0,No,Yes
7124-UGSUR,0.2878483191845263,MEDIO,Tipo de contrato: mes a mes,Tipo de contrato: mes a mes | Antigüedad | Cargo acumulado,One year,Fiber optic,Credit card (automatic),61,104.4,6405.0,1,Yes,No
7879-CGSFV,0.28688333768855484,MEDIO,Tipo de contrato: mes a mes,Tipo de contrato: mes a mes | Antigüedad | Seguridad en línea: no,One year,Fiber optic,Mailed check,55,100.9,5552.05,0,No,No
1465-LNTLJ,0.2868734408351558,MEDIO,Servicio de internet: fibra óptica,Servicio de internet: fibra óptica | Cargo mensual | Servicio de internet: DSL,Month-to-month,DSL,Credit card (automatic),8,64.4,581.7,1,Yes,No
2252-JHJGE,0.2861193348776578,MEDIO,Tipo de contrato: mes a mes,Tipo de contrato: mes a mes | Antigüedad | Seguridad en línea: no,One year,Fiber optic,Electronic check,61,104.0,6363.45,0,No,No
7919-ZODZZ,0.2858404345553504,MEDIO,Tipo de contrato: mes a mes,Tipo de contrato: mes a mes | Servicio de internet: fibra óptica | Cargo mensual,One year,DSL,Mailed check,10,65.9,660.05,0,Yes,Yes
5574-NXZIU,0.2856167967628323,MEDIO,Tipo de contrato: dos años,Tipo de contrato: dos años | Tipo de contrato: mes a mes | Antigüedad,Two year,Fiber optic,Credit card (automatic),63,109.2,7049.75,0,No,No
7036-TYDEC,0.28401854401823917,MEDIO,Tipo de contrato: mes a mes,Tipo de contrato: mes a mes | Tipo de contrato: dos años | Antigüedad,Two year,Fiber optic,Electronic check,69,104.0,7028.5,0,No,No
9254-RBFON,0.2831388207100096,MEDIO,Tipo de contrato: mes a mes,Tipo de contrato: mes a mes | Tipo de contrato: un año | Cargo acumulado,One year,Fiber optic,Bank transfer (automatic),17,98.6,1704.95,0,Yes,Yes
6257-RJOHI,0.28274791761630724,MEDIO,Soporte técnico: no,Soporte técnico: no | Servicio de internet: fibra óptica | Antigüedad,Month-to-month,DSL,Mailed check,4,50.8,202.3,0,No,No
8930-XOTDP,0.2824335797180863,MEDIO,Servicio de internet: fibra óptica,Servicio de internet: fibra óptica | Antigüedad | Cargo acumulado,Month-to-month,DSL,Mailed check,18,55.95,1082.8,0,Yes,Yes
2195-VVRJF,0.2818882413174593,MEDIO,Servicio de internet: fibra óptica,Servicio de internet: fibra óptica | Cargo mensual | Tipo de contrato: mes a mes,Month-to-month,DSL,Credit card (automatic),18,59.1,1011.05,1,Yes,No
5027-YOCXN,0.28185123220935926,MEDIO,Tipo de contrato: mes a mes,Tipo de contrato: mes a mes | Antigüedad | Cargo acumulado,One year,Fiber optic,Credit card (automatic),51,110.05,5686.4,0,Yes,Yes
9544-PYPSJ,0.28081659283319105,MEDIO,Antigüedad,Antigüedad | Cargo acumulado | Tipo de contrato: mes a mes,Month-to-month,Fiber optic,Credit card (automatic),62,96.1,6019.35,1,Yes,Yes
7629-WIXZF,0.28070578570476623,MEDIO,Tipo de contrato: mes a mes,Tipo de contrato: mes a mes | Cargo mensual | Seguridad en línea: no,One year,DSL,Electronic check,7,59.1,369.25,0,No,No
2001-MCUUW,0.2790868542873156,MEDIO,Tipo de contrato: mes a mes,Tipo de contrato: mes a mes | Tipo de contrato: dos años | Antigüedad,Two year,Fiber optic,Electronic check,46,108.65,4903.2,0,No,No
5966-EMAZU,0.27905527115203754,MEDIO,Antigüedad,Antigüedad | Tipo de contrato: mes a mes | Cargo acumulado,One year,Fiber optic,Mailed check,64,108.5,6880.85,0,Yes,No
2995-UPRYS,0.2787609868015807,MEDIO,Tipo de contrato: mes a mes,Tipo de contrato: mes a mes | Cargo acumulado | Antigüedad,One year,Fiber optic,Credit card (automatic),40,99.2,4062.2,1,Yes,No
8495-PRWFH,0.27867727443443885,MEDIO,Antigüedad,Antigüedad | Cargo acumulado | Servicio de internet: fibra óptica,Month-to-month,DSL,Electronic check,42,55.65,2421.75,1,No,No
7398-LXGYX,0.2782038860080842,MEDIO,Antigüedad,Antigüedad | Cargo acumulado | Tipo de contrato: mes a mes,Month-to-month,Fiber optic,Credit card (automatic),44,84.8,3626.35,0,Yes,No
8849-GYOKR,0.2779605907298622,MEDIO,Tipo de contrato: mes a mes,Tipo de contrato: mes a mes | Antigüedad | Seguridad en línea: no,One year,Fiber optic,Bank transfer (automatic),54,106.55,5763.3,0,Yes,No
9128-CPXKI,0.27581577251795975,MEDIO,Tipo de contrato: mes a mes,Tipo de contrato: mes a mes | Antigüedad | Tipo de contrato: dos años,Two year,Fiber optic,Electronic check,59,95.8,5655.45,0,No,No
6383-ZTSIW,0.2741704021178793,MEDIO,Tipo de contrato: mes a mes,Tipo de contrato: mes a mes | Antigüedad | Cargo acumulado,One year,Fiber optic,Mailed check,39,99.1,3877.95,1,Yes,No
2522-AHJXR,0.2739104393590253,MEDIO,Antigüedad,Antigüedad | Cargo acumulado | Seguridad en línea: no,Month-to-month,Fiber optic,Bank transfer (automatic),60,109.45,6572.85,0,Yes,No
1444-VVSGW,0.27335337407145854,MEDIO,Tipo de contrato: mes a mes,Tipo de contrato: mes a mes | Antigüedad | Cargo acumulado,One year,Fiber optic,Credit card (automatic),70,115.65,7968.85,0,Yes,No
2700-LUEVA,0.2729317847539313,MEDIO,Antigüedad,Antigüedad | Cargo acumulado | Método de pago: tarjeta de crédito automática,Month-to-month,No,Credit card (automatic),1,20.75,20.75,0,No,No
8623-ULFNQ,0.2724776594494818,MEDIO,Antigüedad,Antigüedad | Servicio de internet: fibra óptica | Cargo acumulado,Month-to-month,DSL,Electronic check,26,66.05,1652.4,1,No,No
0048-LUMLS,0.2714589079640967,MEDIO,Tipo de contrato: mes a mes,Tipo de contrato: mes a mes | Antigüedad | Cargo acumulado,One year,Fiber optic,Credit card (automatic),37,91.2,3247.55,0,Yes,Yes
3179-GBRWV,0.2702554620483586,MEDIO,Servicio de internet: fibra óptica,Servicio de internet: fibra óptica | Cargo mensual | Seguridad en línea: no,Month-to-month,DSL,Bank transfer (automatic),21,64.95,1339.8,1,Yes,No
1470-PSXNM,0.269835678791775,MEDIO,Tipo de contrato: mes a mes,Tipo de contrato: mes a mes | Antigüedad | Cargo acumulado,One year,Fiber optic,Electronic check,49,93.65,4520.15,0,Yes,Yes
7854-EKTJL,0.267038593137831,MEDIO,Seguridad en línea: no,Seguridad en línea: no | Soporte técnico: no | Servicio de internet: fibra óptica,Month-to-month,No,Electronic check,2,19.6,35.85,0,No,Yes
9143-CANJF,0.2669504738735637,MEDIO,Antigüedad,Antigüedad | Tipo de contrato: mes a mes | Servicio de internet: fibra óptica,Month-to-month,DSL,Electronic check,24,55.15,1319.85,0,Yes,Yes
5921-NGYRH,0.26642517867352167,MEDIO,Antigüedad,Antigüedad | Cargo acumulado | Tipo de contrato: mes a mes,Month-to-month,Fiber optic,Mailed check,64,73.55,4764.0,0,Yes,No
0733-VUNUW,0.26566514067259234,MEDIO,Cargo acumulado,Cargo acumulado | Servicio de internet: fibra óptica | Tipo de contrato: mes a mes,Month-to-month,DSL,Bank transfer (automatic),24,55.65,1400.55,0,No,No
9909-DFRJA,0.2652169738483663,MEDIO,Tipo de contrato: mes a mes,Tipo de contrato: mes a mes | Antigüedad | Servicio de internet: fibra óptica,One year,Fiber optic,Bank transfer (automatic),26,95.85,2475.35,0,No,No
6946-LMSQS,0.26384877412959673,MEDIO,Tipo de contrato: mes a mes,Tipo de contrato: mes a mes | Tipo de contrato: un año | Seguridad en línea: no,One year,Fiber optic,Electronic check,25,89.05,2177.45,1,Yes,No
4237-CLSMM,0.26379397106114844,MEDIO,Tipo de contrato: mes a mes,Tipo de contrato: mes a mes | Seguridad en línea: no | Servicio de internet: fibra óptica,Month-to-month,No,Mailed check,2,20.0,38.0,0,Yes,No
6258-NGCNG,0.2636656750609482,MEDIO,Seguridad en línea: no,Seguridad en línea: no | Tipo de contrato: mes a mes | Servicio de internet: fibra óptica,Month-to-month,No,Mailed check,7,23.5,173.0,0,No,No
6473-ULUHT,0.2628126568763357,MEDIO,Servicio de internet: fibra óptica,Servicio de internet: fibra óptica | Tipo de contrato: mes a mes | Método de pago: cheque electrónico,Month-to-month,DSL,Electronic check,16,84.9,1398.25,0,Yes,Yes
6366-XIVKZ,0.26248909823793054,MEDIO,Servicio de internet: fibra óptica,Servicio de internet: fibra óptica | Seguridad en línea: no | Cargo mensual,Month-to-month,DSL,Mailed check,13,63.15,816.8,0,Yes,Yes
6429-SHBCB,0.2619234564032879,MEDIO,Servicio de internet: fibra óptica,Servicio de internet: fibra óptica | Cargo acumulado | Cargo mensual,Month-to-month,DSL,Mailed check,19,69.6,1394.55,0,No,No
2165-VOEGB,0.26062372908378745,MEDIO,Tipo de contrato: mes a mes,Tipo de contrato: mes a mes | Antigüedad | Cargo acumulado,One year,Fiber optic,Bank transfer (automatic),46,105.2,4822.85,0,No,Yes
5804-HYIEZ,0.25948743549301223,MEDIO,Antigüedad,Antigüedad | Seguridad en línea: no | Cargo acumulado,Month-to-month,Fiber optic,Electronic check,70,106.05,7554.05,0,Yes,Yes
0719-SYFRB,0.2585043035858438,MEDIO,Servicio de internet: fibra óptica,Servicio de internet: fibra óptica | Cargo mensual | Tipo de contrato: mes a mes,Month-to-month,DSL,Mailed check,12,61.65,713.75,0,No,No
3858-XHYJO,0.2573188860056352,MEDIO,Tipo de contrato: mes a mes,Tipo de contrato: mes a mes | Antigüedad | Cargo acumulado,One year,Fiber optic,Bank transfer (automatic),40,105.75,4228.55,0,Yes,No
3173-NVMPX,0.25568192904966364,MEDIO,Servicio de internet: fibra óptica,Servicio de internet: fibra óptica | Cargo mensual | Servicio de internet: DSL,Month-to-month,DSL,Mailed check,9,55.3,501.2,0,Yes,Yes
1110-KYLGQ,0.25552815540453633,MEDIO,Antigüedad,Antigüedad | Cargo acumulado | Seguridad en línea: no,Month-to-month,Fiber optic,Credit card (automatic),63,108.25,6780.1,0,No,No
4627-MIHJH,0.2549055126116565,MEDIO,Tipo de contrato: mes a mes,Tipo de contrato: mes a mes | Antigüedad | Tipo de contrato: dos años,Two year,Fiber optic,Credit card (automatic),69,110.25,7467.55,1,No,No
3756-VNWDH,0.25478660768005534,MEDIO,Tipo de contrato: mes a mes,Tipo de contrato: mes a mes | Antigüedad | Cargo acumulado,One year,Fiber optic,Electronic check,65,100.75,6674.65,1,Yes,No
5360-LJCNJ,0.2547293905730065,MEDIO,Tipo de contrato: mes a mes,Tipo de contrato: mes a mes | Antigüedad | Tipo de contrato: dos años,Two year,Fiber optic,Bank transfer (automatic),71,105.15,7555.0,0,Yes,No
5951-AOFIH,0.25466359362636926,MEDIO,Antigüedad,Antigüedad | Servicio de internet: fibra óptica | Cargo mensual,Month-to-month,DSL,Credit card (automatic),33,66.4,2245.4,0,No,No
9633-DENPU,0.25450951787834897,MEDIO,Antigüedad,Antigüedad | Servicio de internet: fibra óptica | Cargo mensual,Month-to-month,DSL,Bank transfer (automatic),47,58.6,2723.4,0,Yes,No
4075-JFPGR,0.2537920094990493,MEDIO,Tipo de contrato: mes a mes,Tipo de contrato: mes a mes | Antigüedad | Cargo acumulado,One year,Fiber optic,Electronic check,51,93.5,4619.55,0,Yes,No
9364-YKUVW,0.25333935703378574,MEDIO,Tipo de contrato: mes a mes,Tipo de contrato: mes a mes | Seguridad en línea: no | Servicio de internet: fibra óptica,Month-to-month,No,Mailed check,15,19.8,309.4,0,No,No
7233-IOQNP,0.2508613102977324,MEDIO,Antigüedad,Antigüedad | Tipo de contrato: mes a mes | Cargo acumulado,Month-to-month,DSL,Bank transfer (automatic),43,34.0,1505.35,0,Yes,No
4226-KKDON,0.250832566810811,MEDIO,Servicio de internet: fibra óptica,Servicio de internet: fibra óptica | Cargo mensual | Servicio de internet: DSL,Month-to-month,DSL,Electronic check,8,66.65,520.95,0,No,No
6198-PNNSZ,0.25052916707945155,MEDIO,Tipo de contrato: mes a mes,Tipo de contrato: mes a mes | Antigüedad | Seguridad en línea: no,One year,Fiber optic,Bank transfer (automatic),56,109.8,6109.65,0,Yes,No
6421-SZVEM,0.25039001676709904,MEDIO,Tipo de contrato: mes a mes,Tipo de contrato: mes a mes | Tipo de contrato: un año | Seguridad en línea: no,One year,Fiber optic,Bank transfer (automatic),28,82.85,2320.8,0,Yes,Yes
0516-OOHAR,0.2497971528098147,MEDIO,Tipo de contrato: mes a mes,Tipo de contrato: mes a mes | Antigüedad | Cargo acumulado,One year,Fiber optic,Bank transfer (automatic),28,100.35,2799.0,0,Yes,Yes
4160-AMJTL,0.24963500307770878,MEDIO,Seguridad en línea: no,Seguridad en línea: no | Tipo de contrato: mes a mes | Servicio de internet: fibra óptica,Month-to-month,No,Electronic check,8,19.65,164.3,1,No,No
8166-ORCHU,0.24935264560988746,MEDIO,Tipo de contrato: mes a mes,Tipo de contrato: mes a mes | Antigüedad | Seguridad en línea: no,One year,Fiber optic,Electronic check,33,93.55,3055.5,1,Yes,No
8741-LQOBK,0.24861684975682521,MEDIO,Antigüedad,Antigüedad | Tipo de contrato: mes a mes | Cargo acumulado,Month-to-month,DSL,Bank transfer (automatic),46,35.05,1620.25,0,Yes,Yes
5949-EBSQK,0.24840990000139196,MEDIO,Servicio de internet: fibra óptica,Servicio de internet: fibra óptica | Cargo mensual | Soporte técnico: no,Month-to-month,DSL,Credit card (automatic),4,61.45,229.55,0,Yes,Yes
4016-BJKTZ,0.24785417148109373,MEDIO,Tipo de contrato: mes a mes,Tipo de contrato: mes a mes | Tipo de contrato: dos años | Servicio de internet: fibra óptica,Two year,Fiber optic,Electronic check,25,108.9,2809.05,0,No,No
5136-RGMZO,0.24711109249662636,MEDIO,Servicio de internet: fibra óptica,Servicio de internet: fibra óptica | Antigüedad | Servicio de internet: DSL,Month-to-month,DSL,Electronic check,31,71.05,2168.15,0,No,No
9089-UOWJG,0.2467463308950644,MEDIO,Servicio de internet: fibra óptica,Servicio de internet: fibra óptica | Cargo mensual | Servicio de internet: DSL,Month-to-month,DSL,Credit card (automatic),12,58.35,740.55,0,Yes,Yes
3567-PQTSO,0.24646770184252892,MEDIO,Tipo de contrato: mes a mes,Tipo de contrato: mes a mes | Antigüedad | Tipo de contrato: un año,One year,Fiber optic,Electronic check,53,105.25,5576.3,0,Yes,Yes
5857-XRECV,0.24639047297458205,MEDIO,Tipo de contrato: mes a mes,Tipo de contrato: mes a mes | Seguridad en línea: no | Antigüedad,One year,No,Bank transfer (automatic),2,20.5,38.25,0,No,Yes
5140-FOMCQ,0.24434763232310444,MEDIO,Tipo de contrato: mes a mes,Tipo de contrato: mes a mes | Antigüedad | Cargo acumulado,One year,Fiber optic,Credit card (automatic),59,109.15,6557.75,0,Yes,No
4785-QRJHC,0.24179204530397286,MEDIO,Tipo de contrato: mes a mes,Tipo de contrato: mes a mes | Antigüedad | Soporte técnico: no,One year,DSL,Bank transfer (automatic),46,59.9,2816.65,1,Yes,No
1074-AMIOH,0.24128371250075692,MEDIO,Antigüedad,Antigüedad | Cargo acumulado | Soporte técnico: no,Month-to-month,Fiber optic,Bank transfer (automatic),53,108.25,5935.1,0,Yes,Yes
5186-EJEGL,0.24109990714757557,MEDIO,Servicio de internet: fibra óptica,Servicio de internet: fibra óptica | Cargo mensual | Seguridad en línea: no,Month-to-month,DSL,Mailed check,9,69.5,653.25,0,No,No
1015-OWJKI,0.23977972742659492,MEDIO,Cargo mensual,Cargo mensual | Antigüedad | Seguridad en línea: no,Month-to-month,No,Mailed check,1,19.05,19.05,0,No,No
1530-ZTDOZ,0.2394966903407447,MEDIO,Antigüedad,Antigüedad | Cargo acumulado | Tipo de contrato: mes a mes,Month-to-month,DSL,Bank transfer (automatic),49,40.65,2070.75,0,Yes,No
2308-STERM,0.23903067009693232,MEDIO,Seguridad en línea: no,Seguridad en línea: no | Tipo de contrato: mes a mes | Servicio de internet: fibra óptica,Month-to-month,No,Mailed check,2,19.4,61.05,0,No,No
9906-NHHVC,0.23892140203365267,MEDIO,Tipo de contrato: mes a mes,Tipo de contrato: mes a mes | Tipo de contrato: dos años | Antigüedad,Two year,DSL,Bank transfer (automatic),65,53.5,3517.9,1,No,No
5949-HGVJL,0.23873797132844796,MEDIO,Servicio de internet: fibra óptica,Servicio de internet: fibra óptica | Antigüedad | Cargo acumulado,Month-to-month,DSL,Electronic check,26,73.05,1959.5,0,Yes,No
3442-ZHHCC,0.23796625689854609,MEDIO,Tipo de contrato: mes a mes,Tipo de contrato: mes a mes | Antigüedad | Cargo acumulado,One year,DSL,Credit card (automatic),68,76.9,5023.0,0,No,No
9402-ROUMJ,0.23793876031870803,MEDIO,Antigüedad,Antigüedad | Tipo de contrato: mes a mes | Cargo acumulado,One year,Fiber optic,Bank transfer (automatic),67,100.25,6689.0,0,Yes,Yes
5438-QMDDL,0.23789166636190445,MEDIO,Servicio de internet: fibra óptica,Servicio de internet: fibra óptica | Cargo mensual | Servicio de internet: DSL,Month-to-month,DSL,Mailed check,19,59.8,1130.85,0,Yes,No
3680-CTHUH,0.2369300374996951,MEDIO,Antigüedad,Antigüedad | Tipo de contrato: mes a mes | Seguridad en línea: no,One year,Fiber optic,Credit card (automatic),60,116.6,7049.5,0,No,No
1936-CZAKF,0.23680477970881256,MEDIO,Tipo de contrato: dos años,Tipo de contrato: dos años | Tipo de contrato: mes a mes | Antigüedad,Two year,DSL,Credit card (automatic),49,49.65,2409.9,0,Yes,No
4753-PADAS,0.2359702256744045,MEDIO,Tipo de contrato: mes a mes,Tipo de contrato: mes a mes | Antigüedad | Cargo acumulado,One year,Fiber optic,Bank transfer (automatic),67,105.7,6816.95,0,Yes,No
7669-LCRSD,0.23445376069102133,MEDIO,Servicio de internet: fibra óptica,Servicio de internet: fibra óptica | Cargo mensual | Servicio de internet: DSL,Month-to-month,DSL,Mailed check,12,56.3,628.65,0,Yes,Yes
3339-EAQNV,0.23234420814984025,MEDIO,Tipo de contrato: mes a mes,Tipo de contrato: mes a mes | Antigüedad | Cargo acumulado,One year,Fiber optic,Credit card (automatic),72,97.25,7133.1,1,Yes,No
4819-HJPIW,0.23129206310825903,MEDIO,Antigüedad,Antigüedad | Método de pago: cheque electrónico | Cargo mensual,Month-to-month,DSL,Mailed check,18,25.15,476.8,0,No,No
0959-WHOKV,0.2312283680480695,MEDIO,Tipo de contrato: mes a mes,Tipo de contrato: mes a mes | Antigüedad | Seguridad en línea: no,One year,Fiber optic,Electronic check,42,99.0,4298.45,0,No,No
9138-EFSMO,0.22926279509461,MEDIO,Tipo de contrato: mes a mes,Tipo de contrato: mes a mes | Antigüedad | Tipo de contrato: un año,One year,Fiber optic,Bank transfer (automatic),26,78.95,2034.25,0,Yes,Yes
3313-QKNKB,0.22762948999155877,MEDIO,Tipo de contrato: mes a mes,Tipo de contrato: mes a mes | Antigüedad | Cargo acumulado,One year,Fiber optic,Electronic check,59,85.55,5084.65,0,Yes,No
6284-KMNUF,0.22717745947173432,MEDIO,Tipo de contrato: mes a mes,Tipo de contrato: mes a mes | Antigüedad | Seguridad en línea: no,One year,Fiber optic,Electronic check,56,98.0,5270.6,0,Yes,No
2432-TFSMK,0.22643843601781175,MEDIO,Tipo de contrato: mes a mes,Tipo de contrato: mes a mes | Tipo de contrato: un año | Cargo acumulado,One year,Fiber optic,Credit card (automatic),18,89.6,1633.0,0,No,No
0076-LVEPS,0.22525036646446656,MEDIO,Antigüedad,Antigüedad | Tipo de contrato: mes a mes | Servicio de internet: fibra óptica,Month-to-month,DSL,Mailed check,29,45.0,1242.45,0,No,Yes
9844-FELAJ,0.22502115551427063,MEDIO,Tipo de contrato: mes a mes,Tipo de contrato: mes a mes | Antigüedad | Cargo acumulado,One year,Fiber optic,Electronic check,70,107.9,7475.85,1,Yes,Yes
4377-VDHYI,0.22497490427952058,MEDIO,Tipo de contrato: mes a mes,Tipo de contrato: mes a mes | Antigüedad | Seguridad en línea: no,One year,Fiber optic,Electronic check,32,90.8,3023.85,0,Yes,Yes
8089-UZWLX,0.22496794187428837,MEDIO,Tipo de contrato: mes a mes,Tipo de contrato: mes a mes | Antigüedad | Tipo de contrato: dos años,Two year,Fiber optic,Bank transfer (automatic),71,104.05,7413.55,1,No,No
2972-YDYUW,0.22451043120420353,MEDIO,Tipo de contrato: mes a mes,Tipo de contrato: mes a mes | Antigüedad | Cargo acumulado,One year,Fiber optic,Electronic check,57,94.7,5468.95,0,No,No
3325-FUYCG,0.22434604311347128,MEDIO,Tipo de contrato: mes a mes,Tipo de contrato: mes a mes | Seguridad en línea: no | Tipo de contrato: un año,One year,Fiber optic,Electronic check,28,106.1,2847.4,0,Yes,Yes
1265-HVPZB,0.22434261636954958,MEDIO,Tipo de contrato: mes a mes,Tipo de contrato: mes a mes | Antigüedad | Cargo acumulado,One year,DSL,Credit card (automatic),59,66.4,3958.2,0,Yes,No
2294-DMMUS,0.22425571808066522,MEDIO,Antigüedad,Antigüedad | Servicio de internet: fibra óptica | Cargo acumulado,Month-to-month,DSL,Credit card (automatic),62,70.45,4300.45,0,Yes,Yes
6968-URWQU,0.22366503391645234,MEDIO,Tipo de contrato: mes a mes,Tipo de contrato: mes a mes | Antigüedad | Servicio de internet: fibra óptica,One year,DSL,Mailed check,43,56.35,2391.15,0,Yes,No
3096-WPXBT,0.22360259561527945,MEDIO,Tipo de contrato: mes a mes,Tipo de contrato: mes a mes | Antigüedad | Cargo acumulado,One year,Fiber optic,Credit card (automatic),61,100.7,6018.65,0,Yes,Yes
8433-WPJTV,0.2219059745240089,MEDIO,Tipo de contrato: mes a mes,Tipo de contrato: mes a mes | Antigüedad | Cargo acumulado,One year,Fiber optic,Bank transfer (automatic),65,103.9,6767.1,1,Yes,Yes
3523-QRQLL,0.2216753740663428,MEDIO,Tipo de contrato: mes a mes,Tipo de contrato: mes a mes | Servicio de internet: fibra óptica | Cargo mensual,One year,DSL,Bank transfer (automatic),22,69.5,1498.2,0,Yes,Yes
3865-ZYKAD,0.22062549017347716,MEDIO,Antigüedad,Antigüedad | Cargo acumulado | Seguridad en línea: no,Month-to-month,Fiber optic,Credit card (automatic),69,84.9,5785.65,1,Yes,No
3675-EQOZA,0.21996017144912816,MEDIO,Seguridad en línea: no,Seguridad en línea: no | Tipo de contrato: mes a mes | Cargo mensual,Month-to-month,No,Bank transfer (automatic),5,20.65,93.55,0,No,No
4489-SNOJF,0.21794821895352898,MEDIO,Servicio de internet: fibra óptica,Servicio de internet: fibra óptica | Antigüedad | Tipo de contrato: mes a mes,Month-to-month,DSL,Electronic check,35,72.25,2568.55,0,Yes,Yes
7130-CTCUS,0.21761880243317208,MEDIO,Servicio de internet: fibra óptica,Servicio de internet: fibra óptica | Cargo mensual | Tipo de contrato: mes a mes,Month-to-month,DSL,Bank transfer (automatic),16,54.55,825.1,1,Yes,No
6184-DYUOB,0.21676787624173077,MEDIO,Seguridad en línea: no,Seguridad en línea: no | Servicio de internet: fibra óptica | Soporte técnico: no,Month-to-month,No,Mailed check,3,19.6,55.25,0,Yes,No
4184-VODJZ,0.2167207823943154,MEDIO,Antigüedad,Antigüedad | Tipo de contrato: mes a mes | Cargo acumulado,One year,Fiber optic,Electronic check,63,91.35,5764.7,0,Yes,Yes
6483-OATDN,0.2129779057147971,MEDIO,Servicio de internet: fibra óptica,Servicio de internet: fibra óptica | Seguridad en línea: no | Método de pago: cheque electrónico,Month-to-month,DSL,Credit card (automatic),8,51.3,411.6,0,Yes,Yes
2212-LYASK,0.21234388099220547,MEDIO,Tipo de contrato: mes a mes,Tipo de contrato: mes a mes | Antigüedad | Servicio de internet: fibra óptica,One year,DSL,Credit card (automatic),27,45.85,1246.4,0,Yes,Yes
2091-MJTFX,0.21138001116519406,MEDIO,Antigüedad,Antigüedad | Servicio de internet: fibra óptica | Cargo acumulado,Month-to-month,DSL,Credit card (automatic),30,51.2,1561.5,0,Yes,Yes
4332-MUOEZ,0.2104439009002841,MEDIO,Tipo de contrato: mes a mes,Tipo de contrato: mes a mes | Cargo acumulado | Tipo de contrato: un año,One year,Fiber optic,Credit card (automatic),20,94.3,1818.3,1,Yes,Yes
1852-XEMDW,0.2102702367014955,MEDIO,Cargo mensual,Cargo mensual | Servicio de internet: fibra óptica | Tipo de contrato: mes a mes,Month-to-month,DSL,Mailed check,22,65.05,1427.55,0,No,No
9107-UKCKY,0.20962869228784925,MEDIO,Tipo de contrato: mes a mes,Tipo de contrato: mes a mes | Antigüedad | Cargo acumulado,One year,DSL,Electronic check,61,79.8,4914.8,0,Yes,No
3413-CSSTH,0.20950240337502893,MEDIO,Antigüedad,Antigüedad | Cargo acumulado | Cargo mensual,Month-to-month,DSL,Bank transfer (automatic),41,55.7,2237.55,0,No,No
7666-WKRON,0.20699874027540766,MEDIO,Tipo de contrato: mes a mes,Tipo de contrato: mes a mes | Tipo de contrato: dos años | Antigüedad,Two year,Fiber optic,Electronic check,39,80.45,3201.55,0,No,No
6734-FQAJX,0.20633435902935204,MEDIO,Tipo de contrato: dos años,Tipo de contrato: dos años | Tipo de contrato: mes a mes | Antigüedad,Two year,Fiber optic,Electronic check,67,105.05,7171.7,1,No,No
9972-VAFJJ,0.2057773390753522,MEDIO,Tipo de contrato: mes a mes,Tipo de contrato: mes a mes | Antigüedad | Cargo acumulado,One year,Fiber optic,Electronic check,53,94.0,4871.45,1,Yes,No
6993-YCOBK,0.20520602326521611,MEDIO,Tipo de contrato: mes a mes,Tipo de contrato: mes a mes | Antigüedad | Tipo de contrato: dos años,Two year,Fiber optic,Electronic check,60,110.6,6586.85,0,Yes,Yes
9115-YQHGA,0.20431419107054735,MEDIO,Antigüedad,Antigüedad | Cargo acumulado | Servicio de internet: fibra óptica,Month-to-month,DSL,Electronic check,40,51.1,2092.9,0,No,No
7191-ADRGF,0.2025945533377751,MEDIO,Tipo de contrato: mes a mes,Tipo de contrato: mes a mes | Tipo de contrato: dos años | Antigüedad,Two year,DSL,Bank transfer (automatic),44,54.3,2390.45,0,Yes,No
0997-YTLNY,0.20130972168032,MEDIO,Servicio de internet: fibra óptica,Servicio de internet: fibra óptica | Antigüedad | Cargo mensual,Month-to-month,DSL,Mailed check,19,48.8,953.65,0,No,Yes
2001-EWBQU,0.2005521083565644,MEDIO,Tipo de contrato: mes a mes,Tipo de contrato: mes a mes | Tipo de contrato: dos años | Antigüedad,Two year,Fiber optic,Electronic check,60,104.7,6333.8,0,No,No
1936-UAFEH,0.2004315854163656,MEDIO,Tipo de contrato: dos años,Tipo de contrato: dos años | Tipo de contrato: mes a mes | Antigüedad,Two year,Fiber optic,Credit card (automatic),68,110.25,7279.35,0,No,No
2250-IVBWA,0.20034699284855131,MEDIO,Antigüedad,Antigüedad | Cargo acumulado | Seguridad en línea: no,Month-to-month,Fiber optic,Electronic check,64,81.05,5135.35,0,Yes,Yes
1492-QGCLU,0.1995740134068922,MEDIO,Antigüedad,Antigüedad | Servicio de internet: fibra óptica | Cargo acumulado,Month-to-month,DSL,Electronic check,53,85.7,4616.1,0,Yes,Yes
2087-QAREY,0.19914851018302238,MEDIO,Servicio de internet: fibra óptica,Servicio de internet: fibra óptica | Cargo mensual | Servicio de internet: DSL,Month-to-month,DSL,Mailed check,22,54.7,1178.75,0,Yes,No
9357-UJRUN,0.19866559417777452,MEDIO,Tipo de contrato: mes a mes,Tipo de contrato: mes a mes | Método de pago: cheque electrónico | Servicio de internet: fibra óptica,One year,DSL,Electronic check,24,58.35,1346.9,0,Yes,No
0661-KBKPA,0.1974842194017012,MEDIO,Antigüedad,Antigüedad | Tipo de contrato: mes a mes | Cargo acumulado,One year,DSL,Mailed check,53,78.75,3942.45,0,Yes,Yes
2758-RNWXS,0.1974646198306541,MEDIO,Tipo de contrato: mes a mes,Tipo de contrato: mes a mes | Antigüedad | Cargo acumulado,One year,Fiber optic,Electronic check,35,89.2,3251.3,0,No,No
3090-QFUVD,0.19688945760550897,MEDIO,Antigüedad,Antigüedad | Método de pago: tarjeta de crédito automática | Seguridad en línea: no,Month-to-month,No,Credit card (automatic),1,20.3,20.3,0,No,No
1346-PJWTK,0.19676009387397944,MEDIO,Antigüedad,Antigüedad | Cargo acumulado | Tipo de contrato: mes a mes,Month-to-month,Fiber optic,Credit card (automatic),61,94.15,5731.85,0,Yes,No
9289-LBQVU,0.19667036413574618,MEDIO,Antigüedad,Antigüedad | Cargo acumulado | Tipo de contrato: mes a mes,One year,DSL,Mailed check,64,70.15,4480.7,0,Yes,No
8819-ZBYNA,0.19630626923268055,MEDIO,Tipo de contrato: dos años,Tipo de contrato: dos años | Tipo de contrato: mes a mes | Antigüedad,Two year,Fiber optic,Credit card (automatic),58,109.1,6393.65,0,Yes,No
7410-KTVFV,0.19629507100438406,MEDIO,Servicio de internet: fibra óptica,Servicio de internet: fibra óptica | Cargo acumulado | Cargo mensual,Month-to-month,DSL,Mailed check,18,49.55,878.35,0,Yes,No
1629-DQQVB,0.19472948326124823,MEDIO,Servicio de internet: fibra óptica,Servicio de internet: fibra óptica | Tipo de contrato: mes a mes | Método de pago: cheque electrónico,Month-to-month,DSL,Bank transfer (automatic),14,50.1,709.5,0,No,No
9480-BQJEI,0.19431769041407776,MEDIO,Antigüedad,Antigüedad | Tipo de contrato: mes a mes | Cargo acumulado,One year,Fiber optic,Bank transfer (automatic),62,92.3,5731.45,0,No,No
3181-MIZBN,0.19403341817010877,MEDIO,Seguridad en línea: no,Seguridad en línea: no | Tipo de contrato: mes a mes | Servicio de internet: fibra óptica,Month-to-month,No,Electronic check,16,19.75,313.4,0,Yes,Yes
6713-OKOMC,0.1936231496276557,MEDIO,Seguridad en línea: no,Seguridad en línea: no | Servicio de internet: fibra óptica | Tipo de contrato: mes a mes,Month-to-month,DSL,Mailed check,10,29.75,301.9,0,No,No
5198-EFNBM,0.19313366867535864,MEDIO,Tipo de contrato: mes a mes,Tipo de contrato: mes a mes | Antigüedad | Cargo acumulado,One year,Fiber optic,Electronic check,57,90.65,5199.8,1,Yes,No
0701-TJSEF,0.1928195186503427,MEDIO,Servicio de internet: fibra óptica,Servicio de internet: fibra óptica | Cargo mensual | Seguridad en línea: no,Month-to-month,DSL,Bank transfer (automatic),9,68.25,576.95,0,No,No
2155-AMQRX,0.19172041652032662,MEDIO,Antigüedad,Antigüedad | Cargo acumulado | Servicio de internet: fibra óptica,Month-to-month,DSL,Credit card (automatic),28,54.9,1505.15,0,No,No
1264-FUHCX,0.19118424607642107,MEDIO,Tipo de contrato: mes a mes,Tipo de contrato: mes a mes | Antigüedad | Servicio de internet: fibra óptica,One year,DSL,Credit card (automatic),49,56.3,2780.6,0,Yes,No
4946-EDSEW,0.1905403963205982,MEDIO,Servicio de internet: fibra óptica,Servicio de internet: fibra óptica | Seguridad en línea: no | Tipo de contrato: mes a mes,Month-to-month,No,Mailed check,11,19.25,180.3,0,Yes,Yes
0257-KXZGU,0.1901386643057619,MEDIO,Antigüedad,Antigüedad | Servicio de internet: fibra óptica | Cargo acumulado,Month-to-month,DSL,Bank transfer (automatic),32,62.45,2045.55,0,Yes,Yes
0665-XHDJU,0.19005098203915705,MEDIO,Tipo de contrato: mes a mes,Tipo de contrato: mes a mes | Tipo de contrato: dos años | Antigüedad,Two year,Fiber optic,Electronic check,72,99.4,7285.7,0,Yes,No
5236-XMZJY,0.19003397008745174,MEDIO,Antigüedad,Antigüedad | Cargo acumulado | Servicio de internet: fibra óptica,Month-to-month,DSL,Bank transfer (automatic),42,59.65,2536.55,0,No,No
0178-CIIKR,0.18889238919255485,MEDIO,Seguridad en línea: no,Seguridad en línea: no | Tipo de contrato: mes a mes | Cargo mensual,Month-to-month,No,Mailed check,3,19.95,58.0,0,No,No
2019-HDCZY,0.18836260725020568,MEDIO,Tipo de contrato: mes a mes,Tipo de contrato: mes a mes | Tipo de contrato: dos años | Antigüedad,Two year,Fiber optic,Electronic check,63,102.6,6296.75,0,Yes,No
3487-EARAT,0.18749296883873928,MEDIO,Tipo de contrato: mes a mes,Tipo de contrato: mes a mes | Antigüedad | Cargo acumulado,One year,DSL,Credit card (automatic),70,74.1,5222.3,0,Yes,Yes
1360-XFJMR,0.18721032214798938,MEDIO,Tipo de contrato: mes a mes,Tipo de contrato: mes a mes | Antigüedad | Cargo acumulado,One year,Fiber optic,Credit card (automatic),67,109.7,7344.45,0,Yes,No
7054-ENNGU,0.18718103147369955,MEDIO,Servicio de internet: fibra óptica,Servicio de internet: fibra óptica | Cargo mensual | Servicio de internet: DSL,Month-to-month,DSL,Mailed check,9,50.85,466.6,0,Yes,No
6497-TILVL,0.1866724319160958,MEDIO,Servicio de internet: fibra óptica,Servicio de internet: fibra óptica | Seguridad en línea: no | Tipo de contrato: mes a mes,Month-to-month,DSL,Mailed check,7,50.7,350.35,0,Yes,Yes
9033-EOXWV,0.18569977209055827,MEDIO,Tipo de contrato: mes a mes,Tipo de contrato: mes a mes | Servicio de internet: fibra óptica | Soporte técnico: no,One year,DSL,Mailed check,12,74.05,872.65,0,No,No
9351-HXDMR,0.1852590419832835,MEDIO,Antigüedad,Antigüedad | Tipo de contrato: dos años | Tipo de contrato: mes a mes,Two year,Fiber optic,Credit card (automatic),72,110.9,8240.85,0,Yes,No
9926-PJHDQ,0.18396605579704323,MEDIO,Antigüedad,Antigüedad | Tipo de contrato: mes a mes | Tipo de contrato: dos años,Two year,DSL,Bank transfer (automatic),72,76.8,5468.45,0,Yes,Yes
5473-KHBPS,0.1836901479777883,MEDIO,Tipo de contrato: mes a mes,Tipo de contrato: mes a mes | Antigüedad | Cargo acumulado,One year,Fiber optic,Credit card (automatic),52,95.7,4976.15,0,Yes,Yes
6890-PFRQX,0.18295751416664915,MEDIO,Servicio de internet: fibra óptica,Servicio de internet: fibra óptica | Cargo mensual | Seguridad en línea: no,Month-to-month,DSL,Mailed check,18,69.5,1199.4,0,No,No
3506-OVLKD,0.1823512864090686,MEDIO,Tipo de contrato: mes a mes,Tipo de contrato: mes a mes | Antigüedad | Seguridad en línea: no,One year,No,Bank transfer (automatic),35,26.2,954.9,0,No,No
7663-CUXZB,0.18178813379069425,MEDIO,Tipo de contrato: dos años,Tipo de contrato: dos años | Tipo de contrato: mes a mes | Antigüedad,Two year,Fiber optic,Electronic check,59,113.75,6561.25,0,Yes,No
4079-VTGLK,0.1812758088126808,MEDIO,Tipo de contrato: mes a mes,Tipo de contrato: mes a mes | Tipo de contrato: dos años | Antigüedad,Two year,DSL,Electronic check,30,74.85,2181.75,1,Yes,No
9039-RBEEE,0.18106632119397606,MEDIO,Antigüedad,Antigüedad | Cargo acumulado | Tipo de contrato: mes a mes,Month-to-month,DSL,Credit card (automatic),39,48.95,1880.85,0,No,No
4830-FAXFM,0.18092896138154455,MEDIO,Seguridad en línea: no,Seguridad en línea: no | Servicio de internet: fibra óptica | Tipo de contrato: mes a mes,Month-to-month,No,Credit card (automatic),19,24.1,439.2,0,No,Yes
5081-NWSUP,0.1802451924935954,MEDIO,Tipo de contrato: mes a mes,Tipo de contrato: mes a mes | Servicio de internet: fibra óptica | Cargo mensual,One year,DSL,Mailed check,10,64.9,685.55,0,No,No
5514-YQENT,0.17986988567937848,MEDIO,Tipo de contrato: dos años,Tipo de contrato: dos años | Tipo de contrato: mes a mes | Seguridad en línea: no,Two year,Fiber optic,Electronic check,41,111.15,4507.15,0,No,Yes
2446-ZKVAF,0.17953209052280375,MEDIO,Servicio de internet: fibra óptica,Servicio de internet: fibra óptica | Cargo mensual | Antigüedad,Month-to-month,DSL,Credit card (automatic),18,56.8,1074.65,0,Yes,No
0254-KCJGT,0.17908229568404171,MEDIO,Tipo de contrato: mes a mes,Tipo de contrato: mes a mes | Antigüedad | Cargo acumulado,One year,DSL,Credit card (automatic),52,81.4,4354.45,0,Yes,No
6075-QMNRR,0.1790357407259745,MEDIO,Antigüedad,Antigüedad | Cargo acumulado | Servicio de internet: fibra óptica,Month-to-month,DSL,Bank transfer (automatic),52,49.75,2535.55,0,No,No
0516-UXRMT,0.17837837308775475,MEDIO,Antigüedad,Antigüedad | Tipo de contrato: mes a mes | Cargo acumulado,One year,Fiber optic,Electronic check,62,92.05,5755.8,0,No,No
1087-UDSIH,0.1782971002979279,MEDIO,Seguridad en línea: no,Seguridad en línea: no | Soporte técnico: no | Tipo de contrato: mes a mes,Month-to-month,No,Mailed check,3,19.6,59.75,0,No,No
2171-UDMFD,0.17705534102823492,MEDIO,Tipo de contrato: mes a mes,Tipo de contrato: mes a mes | Antigüedad | Servicio de internet: fibra óptica,Month-to-month,No,Credit card (automatic),32,19.45,674.55,0,Yes,Yes
8582-KRHPJ,0.17703805417732815,MEDIO,Antigüedad,Antigüedad | Cargo acumulado | Seguridad en línea: no,Month-to-month,DSL,Mailed check,50,35.0,1782.4,0,No,No
7266-GSSJX,0.17696497246549384,MEDIO,Seguridad en línea: no,Seguridad en línea: no | Cargo mensual | Servicio de internet: fibra óptica,Month-to-month,No,Electronic check,11,20.45,250.8,0,Yes,Yes
3982-XWFZQ,0.17587016861842492,MEDIO,Antigüedad,Antigüedad | Servicio de internet: fibra óptica | Cargo acumulado,Month-to-month,DSL,Electronic check,42,50.25,2203.65,0,Yes,No
9308-ANMVE,0.1747739768726376,MEDIO,Antigüedad,Antigüedad | Cargo acumulado | Servicio de internet: fibra óptica,Month-to-month,DSL,Electronic check,47,55.3,2654.05,0,No,Yes
8713-IGZSO,0.1745048365460607,MEDIO,Seguridad en línea: no,Seguridad en línea: no | Soporte técnico: no | Tipo de contrato: mes a mes,Month-to-month,No,Mailed check,2,24.85,62.0,0,No,No
9822-BIIGN,0.17345409638228762,MEDIO,Antigüedad,Antigüedad | Cargo acumulado | Servicio de internet: fibra óptica,Month-to-month,DSL,Electronic check,53,71.85,3827.9,0,Yes,Yes
1131-SUEKT,0.1733875404719826,MEDIO,Antigüedad,Antigüedad | Tipo de contrato: mes a mes | Cargo acumulado,One year,Fiber optic,Bank transfer (automatic),61,98.45,6145.2,0,Yes,Yes
4700-UBQMV,0.17311868444516496,MEDIO,Tipo de contrato: mes a mes,Tipo de contrato: mes a mes | Servicio de internet: fibra óptica | Seguridad en línea: no,One year,DSL,Bank transfer (automatic),21,75.9,1549.75,0,Yes,Yes
2748-MYRVK,0.17311832546966402,MEDIO,Tipo de contrato: mes a mes,Tipo de contrato: mes a mes | Antigüedad | Cargo acumulado,One year,Fiber optic,Bank transfer (automatic),63,99.9,6137.0,0,No,No
2969-WGHQO,0.1724340440911976,MEDIO,Tipo de contrato: mes a mes,Tipo de contrato: mes a mes | Servicio de internet: fibra óptica | Seguridad en línea: no,One year,DSL,Electronic check,7,69.45,477.05,0,Yes,Yes
5446-DKWYW,0.17063072025541895,MEDIO,Tipo de contrato: mes a mes,Tipo de contrato: mes a mes | Antigüedad | Cargo acumulado,One year,DSL,Electronic check,61,65.2,3965.05,1,Yes,Yes
0289-IVARM,0.17055616248685365,MEDIO,Antigüedad,Antigüedad | Cargo acumulado | Servicio de internet: fibra óptica,Month-to-month,DSL,Electronic check,35,60.55,1982.6,0,No,No
0463-WZZKO,0.169095553563104,MEDIO,Seguridad en línea: no,Seguridad en línea: no | Soporte técnico: no | Tipo de contrato: mes a mes,Month-to-month,No,Credit card (automatic),3,20.75,67.1,0,No,No
0816-TSPHQ,0.1690447873971309,MEDIO,Seguridad en línea: no,Seguridad en línea: no | Tipo de contrato: mes a mes | Soporte técnico: no,Month-to-month,No,Mailed check,2,20.75,44.2,0,No,No
6967-PEJLL,0.16765582962872252,MEDIO,Tipo de contrato: mes a mes,Tipo de contrato: mes a mes | Antigüedad | Método de pago: cheque electrónico,One year,DSL,Electronic check,37,40.2,1525.35,0,Yes,Yes
7641-TQFHN,0.1675148845639934,MEDIO,Tipo de contrato: mes a mes,Tipo de contrato: mes a mes | Tipo de contrato: dos años | Antigüedad,Two year,Fiber optic,Mailed check,39,100.55,3895.35,0,No,Yes
5850-BDWCY,0.167506915773341,MEDIO,Seguridad en línea: no,Seguridad en línea: no | Tipo de contrato: mes a mes | Servicio de internet: fibra óptica,Month-to-month,No,Mailed check,6,20.2,123.65,0,No,No
1370-GGAWX,0.16727486579004117,MEDIO,Tipo de contrato: mes a mes,Tipo de contrato: mes a mes | Antigüedad | Cargo acumulado,One year,Fiber optic,Electronic check,46,94.15,4408.45,0,No,No
9163-GHAYE,0.16722311904746892,MEDIO,Servicio de internet: fibra óptica,Servicio de internet: fibra óptica | Cargo acumulado | Cargo mensual,Month-to-month,DSL,Electronic check,15,48.85,736.8,0,No,No
7789-CRUVC,0.16624554719304746,MEDIO,Antigüedad,Antigüedad | Cargo acumulado | Tipo de contrato: mes a mes,Month-to-month,Fiber optic,Credit card (automatic),61,94.2,5895.45,1,Yes,No
9715-WZCLW,0.16599567600443987,MEDIO,Tipo de contrato: mes a mes,Tipo de contrato: mes a mes | Antigüedad | Tipo de contrato: dos años,Two year,Fiber optic,Electronic check,71,97.2,6910.3,0,Yes,Yes
7691-XVTZH,0.16541691615973828,MEDIO,Tipo de contrato: mes a mes,Tipo de contrato: mes a mes | Antigüedad | Tipo de contrato: dos años,Two year,Fiber optic,Bank transfer (automatic),68,89.95,5974.3,0,Yes,No
7750-EYXWZ,0.16537064924103487,MEDIO,Tipo de contrato: mes a mes,Tipo de contrato: mes a mes | Servicio de internet: fibra óptica | Cargo mensual,One year,DSL,Electronic check,12,60.65,743.3,0,No,No
7838-LAZFO,0.1651334919965762,MEDIO,Tipo de contrato: mes a mes,Tipo de contrato: mes a mes | Antigüedad | Cargo acumulado,One year,DSL,Bank transfer (automatic),45,78.8,3597.5,0,Yes,No
0447-BEMNG,0.16471297600697557,MEDIO,Antigüedad,Antigüedad | Seguridad en línea: no | Cargo acumulado,Month-to-month,DSL,Bank transfer (automatic),48,45.3,2145.0,0,Yes,No
3694-GLTJM,0.16444631673143986,MEDIO,Seguridad en línea: no,Seguridad en línea: no | Soporte técnico: no | Servicio de internet: fibra óptica,Month-to-month,No,Credit card (automatic),5,19.65,92.05,0,No,No
3324-OIRTO,0.16320095367082338,MEDIO,Antigüedad,Antigüedad | Tipo de contrato: mes a mes | Cargo acumulado,One year,Fiber optic,Bank transfer (automatic),71,104.65,7288.4,0,Yes,Yes
3780-DDGSE,0.16249989266430495,MEDIO,Servicio de internet: fibra óptica,Servicio de internet: fibra óptica | Antigüedad | Cargo acumulado,Month-to-month,DSL,Electronic check,35,76.05,2747.2,1,Yes,Yes
6682-QJDGB,0.16187658669786203,MEDIO,Antigüedad,Antigüedad | Cargo acumulado | Servicio de internet: fibra óptica,Month-to-month,DSL,Mailed check,40,55.25,2139.2,0,No,Yes
4002-BQWPQ,0.16172070872053573,MEDIO,Servicio de internet: fibra óptica,Servicio de internet: fibra óptica | Cargo acumulado | Soporte técnico: no,Month-to-month,DSL,Bank transfer (automatic),25,81.75,2028.8,0,No,No
3766-EJLFL,0.16165841083714094,MEDIO,Antigüedad,Antigüedad | Tipo de contrato: mes a mes | Tipo de contrato: dos años,Two year,Fiber optic,Bank transfer (automatic),68,109.05,7508.55,0,Yes,Yes
0743-HRVFF,0.16127611757042276,MEDIO,Tipo de contrato: mes a mes,Tipo de contrato: mes a mes | Antigüedad | Servicio de internet: fibra óptica,One year,DSL,Electronic check,51,56.15,2898.95,0,Yes,Yes
7690-KPNCU,0.1609883189937562,MEDIO,Antigüedad,Antigüedad | Tipo de contrato: mes a mes | Cargo acumulado,One year,DSL,Credit card (automatic),64,73.05,4688.65,0,Yes,Yes
4353-HYOJD,0.16091656799448734,MEDIO,Antigüedad,Antigüedad | Servicio de internet: fibra óptica | Cargo mensual,Month-to-month,DSL,Mailed check,27,49.85,1336.15,0,Yes,Yes
5524-KHNJP,0.1600550722737522,MEDIO,Tipo de contrato: mes a mes,Tipo de contrato: mes a mes | Antigüedad | Servicio de internet: fibra óptica,One year,DSL,Credit card (automatic),33,74.75,2453.3,0,Yes,Yes
5468-BPMMO,0.1597718030073164,MEDIO,Antigüedad,Antigüedad | Tipo de contrato: mes a mes | Servicio de internet: fibra óptica,Month-to-month,No,Electronic check,46,19.6,851.2,0,Yes,No
3623-FQBOX,0.15693180973299423,MEDIO,Seguridad en línea: no,Seguridad en línea: no | Tipo de contrato: mes a mes | Soporte técnico: no,Month-to-month,No,Mailed check,21,19.95,416.4,0,No,No
2843-CQMEG,0.1558017392681846,MEDIO,Antigüedad,Antigüedad | Servicio de internet: fibra óptica | Cargo acumulado,Month-to-month,DSL,Mailed check,24,49.7,1218.25,0,No,No
5808-TOTXO,0.15554307757707564,MEDIO,Tipo de contrato: mes a mes,Tipo de contrato: mes a mes | Seguridad en línea: no | Antigüedad,One year,No,Credit card (automatic),3,20.55,57.4,0,No,Yes
5014-WUQMG,0.1551909266490961,MEDIO,Tipo de contrato: mes a mes,Tipo de contrato: mes a mes | Antigüedad | Cargo acumulado,One year,Fiber optic,Electronic check,47,96.1,4391.45,0,Yes,Yes
0440-QEXBZ,0.15506329021893556,MEDIO,Antigüedad,Antigüedad | Cargo acumulado | Servicio de internet: fibra óptica,Month-to-month,DSL,Mailed check,44,50.15,2139.1,0,No,No
8727-XDPUD,0.1539307685228998,MEDIO,Tipo de contrato: mes a mes,Tipo de contrato: mes a mes | Tipo de contrato: dos años | Antigüedad,Two year,DSL,Credit card (automatic),37,35.8,1316.9,0,No,No
4419-UJMUS,0.15383333510570907,MEDIO,Tipo de contrato: mes a mes,Tipo de contrato: mes a mes | Tipo de contrato: dos años | Antigüedad,Two year,Fiber optic,Electronic check,69,99.35,6856.45,0,Yes,Yes
5498-IBWPI,0.15127258083578943,MEDIO,Antigüedad,Antigüedad | Tipo de contrato: mes a mes | Cargo acumulado,One year,DSL,Credit card (automatic),66,49.4,3251.85,0,Yes,Yes
3896-RCYYE,0.1511067693682904,MEDIO,Antigüedad,Antigüedad | Cargo acumulado | Soporte técnico: no,Month-to-month,DSL,Credit card (automatic),67,53.4,3579.15,0,No,No
1707-HABPF,0.1507951263860369,MEDIO,Tipo de contrato: mes a mes,Tipo de contrato: mes a mes | Antigüedad | Cargo acumulado,One year,Fiber optic,Bank transfer (automatic),46,91.3,4126.35,1,No,No
6776-TLWOI,0.1507267307632295,MEDIO,Seguridad en línea: no,Seguridad en línea: no | Tipo de contrato: mes a mes | Soporte técnico: no,Month-to-month,No,Mailed check,3,19.85,64.55,0,No,No
2967-MXRAV,0.150573264986952,MEDIO,Tipo de contrato: mes a mes,Tipo de contrato: mes a mes | Antigüedad | Cargo acumulado,One year,No,Mailed check,1,18.8,18.8,0,Yes,Yes
1131-ALZWV,0.1483081825790051,MEDIO,Tipo de contrato: mes a mes,Tipo de contrato: mes a mes | Seguridad en línea: no | Servicio de internet: fibra óptica,One year,No,Bank transfer (automatic),24,24.6,605.25,0,No,No
7636-PEPNS,0.14814597905174828,MEDIO,Antigüedad,Antigüedad | Tipo de contrato: mes a mes | Cargo acumulado,One year,DSL,Mailed check,58,44.1,2413.05,0,Yes,Yes
2659-VXMWZ,0.14689720775633075,MEDIO,Antigüedad,Antigüedad | Tipo de contrato: mes a mes | Cargo acumulado,One year,Fiber optic,Electronic check,67,111.3,7482.1,0,Yes,Yes
9610-WCESF,0.14677006857266903,MEDIO,Tipo de contrato: mes a mes,Tipo de contrato: mes a mes | Antigüedad | Tipo de contrato: dos años,Two year,DSL,Electronic check,67,43.9,3097.2,0,No,No
4751-ERMAN,0.14284336918679977,MEDIO,Tipo de contrato: mes a mes,Tipo de contrato: mes a mes | Antigüedad | Tipo de contrato: dos años,Two year,DSL,Bank transfer (automatic),72,75.4,5480.25,0,Yes,Yes
5442-BXVND,0.14282669355005867,MEDIO,Antigüedad,Antigüedad | Tipo de contrato: mes a mes | Servicio de internet: fibra óptica,Month-to-month,No,Bank transfer (automatic),33,24.25,838.5,0,Yes,Yes
2923-ARZLG,0.14273884125278194,MEDIO,Tipo de contrato: mes a mes,Tipo de contrato: mes a mes | Antigüedad | Seguridad en línea: no,One year,No,Mailed check,0,19.7,,0,Yes,Yes
1929-ZCBHE,0.14202254510145054,MEDIO,Tipo de contrato: mes a mes,Tipo de contrato: mes a mes | Antigüedad | Cargo acumulado,One year,DSL,Electronic check,47,40.3,1794.8,0,Yes,Yes
2323-ARSVR,0.14194046165341961,MEDIO,Tipo de contrato: dos años,Tipo de contrato: dos años | Tipo de contrato: mes a mes | Antigüedad,Two year,Fiber optic,Electronic check,67,111.05,7321.05,0,Yes,No
5445-PZWGX,0.1414963235104601,MEDIO,Antigüedad,Antigüedad | Tipo de contrato: mes a mes | Cargo acumulado,One year,Fiber optic,Electronic check,62,102.0,6529.25,0,No,No
4213-HKBJO,0.14136113275290307,MEDIO,Tipo de contrato: mes a mes,Tipo de contrato: mes a mes | Tipo de contrato: dos años | Seguridad en línea: no,Two year,No,Credit card (automatic),33,25.7,826.1,0,No,No
2839-RFSQE,0.14110817027299816,MEDIO,Seguridad en línea: no,Seguridad en línea: no | Cargo mensual | Tipo de contrato: mes a mes,Month-to-month,No,Mailed check,2,20.65,38.7,0,No,No
2541-YGPKE,0.1401945291570684,MEDIO,Tipo de contrato: mes a mes,Tipo de contrato: mes a mes | Cargo mensual | Servicio de internet: fibra óptica,One year,DSL,Credit card (automatic),42,63.7,2763.35,0,Yes,Yes
0868-VJRDR,0.13966721149958392,MEDIO,Tipo de contrato: dos años,Tipo de contrato: dos años | Tipo de contrato: mes a mes | Antigüedad,Two year,Fiber optic,Credit card (automatic),64,104.05,6605.55,0,Yes,No
2159-TURXX,0.1392402857880334,MEDIO,Seguridad en línea: no,Seguridad en línea: no | Tipo de contrato: mes a mes | Servicio de internet: fibra óptica,Month-to-month,No,Credit card (automatic),5,20.05,95.55,0,No,No
5469-CTCWN,0.1389084844446617,MEDIO,Antigüedad,Antigüedad | Tipo de contrato: mes a mes | Cargo acumulado,One year,Fiber optic,Electronic check,61,106.0,6547.7,0,Yes,Yes
4701-MLJPN,0.1388603181589113,MEDIO,Antigüedad,Antigüedad | Cargo acumulado | Servicio de internet: fibra óptica,Month-to-month,DSL,Electronic check,31,55.25,1715.65,0,No,No
4701-AHWMW,0.13873174872292549,MEDIO,Antigüedad,Antigüedad | Cargo acumulado | Soporte técnico: no,Month-to-month,DSL,Bank transfer (automatic),55,54.55,2978.3,0,Yes,No
7971-HLVXI,0.1381154732444507,MEDIO,Antigüedad,Antigüedad | Tipo de contrato: mes a mes | Tipo de contrato: dos años,Two year,Fiber optic,Credit card (automatic),72,84.5,6130.85,0,Yes,Yes
4501-UYKBC,0.13763749199897105,MEDIO,Tipo de contrato: mes a mes,Tipo de contrato: mes a mes | Antigüedad | Cargo acumulado,One year,DSL,Credit card (automatic),46,69.1,3255.35,1,No,No
4396-KLSEH,0.13758730364879398,MEDIO,Seguridad en línea: no,Seguridad en línea: no | Soporte técnico: no | Servicio de internet: fibra óptica,Month-to-month,No,Electronic check,4,19.85,63.0,0,No,No
6900-RBKER,0.1374507010292243,MEDIO,Tipo de contrato: mes a mes,Tipo de contrato: mes a mes | Tipo de contrato: dos años | Antigüedad,Two year,Fiber optic,Credit card (automatic),52,89.45,4577.75,0,No,No
7520-HQWJU,0.13732164381943548,MEDIO,Antigüedad,Antigüedad | Cargo acumulado | Tipo de contrato: mes a mes,Month-to-month,DSL,Bank transfer (automatic),66,67.45,4508.65,0,Yes,Yes
1271-UODNO,0.1371841107534736,MEDIO,Tipo de contrato: mes a mes,Tipo de contrato: mes a mes | Tipo de contrato: dos años | Antigüedad,Two year,DSL,Credit card (automatic),39,53.85,2200.7,0,No,No
5975-BAICR,0.1362066447772953,MEDIO,Tipo de contrato: mes a mes,Tipo de contrato: mes a mes | Antigüedad | Cargo acumulado,One year,DSL,Credit card (automatic),36,63.7,2188.5,0,Yes,Yes
5025-GOOKI,0.13601164457944434,MEDIO,Seguridad en línea: no,Seguridad en línea: no | Tipo de contrato: mes a mes | Soporte técnico: no,Month-to-month,No,Credit card (automatic),20,18.9,347.65,0,No,No
8591-TKMZH,0.1359544279948505,MEDIO,Tipo de contrato: dos años,Tipo de contrato: dos años | Tipo de contrato: mes a mes | Antigüedad,Two year,Fiber optic,Mailed check,59,111.1,6555.2,0,Yes,Yes
0440-UEDAI,0.13526152248210055,MEDIO,Tipo de contrato: mes a mes,Tipo de contrato: mes a mes | Antigüedad | Cargo acumulado,One year,Fiber optic,Credit card (automatic),53,94.45,5042.75,0,No,No
3594-UVONA,0.13410041817781532,MEDIO,Tipo de contrato: mes a mes,Tipo de contrato: mes a mes | Servicio de internet: fibra óptica | Antigüedad,One year,DSL,Credit card (automatic),35,85.95,3110.1,0,No,No
4223-BKEOR,0.13381433934905193,MEDIO,Tipo de contrato: mes a mes,Tipo de contrato: mes a mes | Seguridad en línea: no | Servicio de internet: fibra óptica,One year,DSL,Mailed check,21,64.85,1336.8,0,No,Yes
9367-TCUYN,0.13356974591591528,MEDIO,Seguridad en línea: no,Seguridad en línea: no | Tipo de contrato: mes a mes | Servicio de internet: fibra óptica,Month-to-month,No,Mailed check,12,20.1,223.6,0,No,No
0181-RITDD,0.13343711219914128,MEDIO,Tipo de contrato: mes a mes,Tipo de contrato: mes a mes | Antigüedad | Tipo de contrato: dos años,Two year,Fiber optic,Mailed check,62,108.15,6825.65,0,Yes,Yes
7279-NMVJC,0.13330165102799565,MEDIO,Tipo de contrato: mes a mes,Tipo de contrato: mes a mes | Seguridad en línea: no | Tipo de contrato: un año,One year,No,Bank transfer (automatic),17,19.9,323.15,0,No,No
8782-NUUOL,0.13322708909185899,MEDIO,Antigüedad,Antigüedad | Tipo de contrato: mes a mes | Cargo acumulado,One year,DSL,Mailed check,60,79.0,4801.1,0,No,No
5566-SOEZD,0.13252078237546625,MEDIO,Tipo de contrato: mes a mes,Tipo de contrato: mes a mes | Tipo de contrato: un año | Antigüedad,One year,Fiber optic,Credit card (automatic),27,80.65,2209.75,0,Yes,Yes
2408-PSJVE,0.13250779164151721,MEDIO,Antigüedad,Antigüedad | Cargo acumulado | Servicio de internet: fibra óptica,Month-to-month,DSL,Mailed check,44,61.9,2924.05,0,Yes,Yes
2877-VDUER,0.1320644527592559,MEDIO,Tipo de contrato: mes a mes,Tipo de contrato: mes a mes | Antigüedad | Servicio de internet: fibra óptica,One year,DSL,Mailed check,35,40.9,1383.6,0,Yes,Yes
6848-YLDFR,0.13190827854902795,MEDIO,Antigüedad,Antigüedad | Cargo acumulado | Tipo de contrato: mes a mes,One year,DSL,Credit card (automatic),58,75.2,4300.8,0,Yes,Yes
4981-FLTMF,0.1315406254465894,MEDIO,Antigüedad,Antigüedad | Cargo acumulado | Tipo de contrato: mes a mes,Month-to-month,DSL,Bank transfer (automatic),57,65.2,3687.85,0,Yes,Yes
6814-ZPWFQ,0.13142133540947415,MEDIO,Tipo de contrato: mes a mes,Tipo de contrato: mes a mes | Antigüedad | Seguridad en línea: no,One year,No,Bank transfer (automatic),51,25.0,1260.7,1,No,No
4759-PXTAN,0.13133389592057484,MEDIO,Tipo de contrato: mes a mes,Tipo de contrato: mes a mes | Antigüedad | Cargo acumulado,One year,DSL,Electronic check,59,80.1,4693.2,0,Yes,No
8400-WZICQ,0.1311556657059686,MEDIO,Antigüedad,Antigüedad | Cargo acumulado | Tipo de contrato: mes a mes,Month-to-month,DSL,Electronic check,55,55.7,3131.8,0,Yes,Yes
0725-CXOTM,0.13110721932841043,MEDIO,Tipo de contrato: mes a mes,Tipo de contrato: mes a mes | Servicio de internet: fibra óptica | Antigüedad,One year,DSL,Credit card (automatic),36,89.65,3348.1,0,No,No
9052-DHNKM,0.1310042796889328,MEDIO,Tipo de contrato: mes a mes,Tipo de contrato: mes a mes | Antigüedad | Servicio de internet: fibra óptica,One year,DSL,Electronic check,26,61.55,1581.95,0,No,No
7816-VGHTO,0.13091608876896652,MEDIO,Tipo de contrato: mes a mes,Tipo de contrato: mes a mes | Tipo de contrato: dos años | Servicio de internet: fibra óptica,Two year,DSL,Mailed check,6,40.55,217.5,0,Yes,Yes
5240-CAOYT,0.13083323740256328,MEDIO,Antigüedad,Antigüedad | Cargo acumulado | Seguridad en línea: no,Month-to-month,Fiber optic,Bank transfer (automatic),57,87.55,4884.85,0,No,No
8401-EMUWF,0.13059605108065586,MEDIO,Antigüedad,Antigüedad | Servicio de internet: fibra óptica | Cargo acumulado,Month-to-month,DSL,Bank transfer (automatic),42,69.4,3058.3,0,Yes,Yes
2233-TXSIU,0.12943562270006326,MEDIO,Tipo de contrato: mes a mes,Tipo de contrato: mes a mes | Seguridad en línea: no | Servicio de internet: fibra óptica,One year,DSL,Credit card (automatic),17,44.45,792.15,0,Yes,Yes
1150-WFARN,0.12905285506987793,MEDIO,Tipo de contrato: mes a mes,Tipo de contrato: mes a mes | Antigüedad | Tipo de contrato: dos años,Two year,Fiber optic,Credit card (automatic),67,108.75,7156.2,0,Yes,Yes
5671-RQRLP,0.12900822131091694,MEDIO,Tipo de contrato: mes a mes,Tipo de contrato: mes a mes | Antigüedad | Tipo de contrato: dos años,Two year,Fiber optic,Credit card (automatic),70,75.65,5411.4,1,Yes,No
1036-GUDCL,0.12891378622729208,MEDIO,Antigüedad,Antigüedad | Cargo acumulado | Servicio de internet: fibra óptica,Month-to-month,DSL,Credit card (automatic),60,79.05,4663.4,0,Yes,Yes
5062-CJJKH,0.12858475724529245,MEDIO,Tipo de contrato: mes a mes,Tipo de contrato: mes a mes | Antigüedad | Cargo acumulado,One year,DSL,Mailed check,25,53.65,1355.45,0,Yes,Yes
1741-WTPON,0.12838382475545335,MEDIO,Tipo de contrato: mes a mes,Tipo de contrato: mes a mes | Tipo de contrato: dos años | Antigüedad,Two year,Fiber optic,Mailed check,56,115.85,6567.9,0,Yes,Yes
3251-YMVWZ,0.12806089561652317,MEDIO,Tipo de contrato: mes a mes,Tipo de contrato: mes a mes | Antigüedad | Seguridad en línea: no,One year,No,Bank transfer (automatic),53,24.05,1301.9,0,No,No
0373-AIVNJ,0.12687759064832502,MEDIO,Tipo de contrato: mes a mes,Tipo de contrato: mes a mes | Seguridad en línea: no | Servicio de internet: fibra óptica,One year,DSL,Mailed check,9,39.55,373.0,0,No,No
2239-CFOUJ,0.12662898508732778,MEDIO,Tipo de contrato: mes a mes,Tipo de contrato: mes a mes | Antigüedad | Cargo acumulado,One year,No,Mailed check,1,20.4,20.4,0,Yes,Yes
6242-SGYTS,0.1259377435742328,MEDIO,Tipo de contrato: mes a mes,Tipo de contrato: mes a mes | Antigüedad | Cargo acumulado,One year,Fiber optic,Credit card (automatic),62,94.95,5791.85,0,Yes,Yes
5155-AZQPB,0.12587122470821085,MEDIO,Antigüedad,Antigüedad | Cargo acumulado | Servicio de internet: fibra óptica,Month-to-month,DSL,Mailed check,28,49.9,1410.25,0,Yes,Yes
4541-RMRLG,0.1256655098961065,MEDIO,Seguridad en línea: no,Seguridad en línea: no | Servicio de internet: fibra óptica | Soporte técnico: no,Month-to-month,No,Electronic check,7,19.25,112.3,0,No,No
5696-CEIQJ,0.12389578497635635,MEDIO,Tipo de contrato: mes a mes,Tipo de contrato: mes a mes | Tipo de contrato: dos años | Antigüedad,Two year,Fiber optic,Bank transfer (automatic),67,103.15,6895.5,0,Yes,Yes
4039-PIMHX,0.12378142958952051,MEDIO,Tipo de contrato: mes a mes,Tipo de contrato: mes a mes | Tipo de contrato: dos años | Antigüedad,Two year,DSL,Mailed check,49,49.8,2398.4,1,Yes,No
9025-ZRPVR,0.12343002355536117,MEDIO,Seguridad en línea: no,Seguridad en línea: no | Cargo mensual | Soporte técnico: no,Month-to-month,No,Mailed check,9,18.95,185.6,0,No,No
9405-GPBBG,0.12333316143449008,MEDIO,Tipo de contrato: mes a mes,Tipo de contrato: mes a mes | Tipo de contrato: dos años | Antigüedad,Two year,Fiber optic,Credit card (automatic),64,110.5,7069.25,0,No,No
7803-XOCCZ,0.12329275769775178,MEDIO,Antigüedad,Antigüedad | Cargo acumulado | Soporte técnico: no,Month-to-month,Fiber optic,Bank transfer (automatic),52,84.05,4326.8,0,Yes,Yes
0377-JBKKT,0.12276549434221083,MEDIO,Servicio de internet: fibra óptica,Servicio de internet: fibra óptica | Cargo acumulado | Soporte técnico: no,Month-to-month,DSL,Mailed check,22,57.95,1271.8,0,Yes,Yes
9788-YTFGE,0.12251264784917988,MEDIO,Seguridad en línea: no,Seguridad en línea: no | Servicio de internet: fibra óptica | Soporte técnico: no,Month-to-month,No,Mailed check,7,19.95,147.5,0,No,No
2040-OBMLJ,0.12221144905366982,MEDIO,Tipo de contrato: mes a mes,Tipo de contrato: mes a mes | Antigüedad | Tipo de contrato: un año,One year,Fiber optic,Credit card (automatic),31,81.7,2548.65,0,No,No
5061-PBXFW,0.12195772919993685,MEDIO,Antigüedad,Antigüedad | Cargo acumulado | Servicio de internet: fibra óptica,Month-to-month,DSL,Bank transfer (automatic),32,61.4,1864.65,0,Yes,Yes
6374-NTQLP,0.12155959503669152,MEDIO,Antigüedad,Antigüedad | Tipo de contrato: mes a mes | Tipo de contrato: dos años,Two year,Fiber optic,Credit card (automatic),72,104.1,7447.7,1,Yes,Yes
6297-NOOPG,0.1215086848690693,MEDIO,Tipo de contrato: dos años,Tipo de contrato: dos años | Tipo de contrato: mes a mes | Antigüedad,Two year,Fiber optic,Electronic check,70,110.5,7752.05,0,Yes,No
7159-NOKYQ,0.12089579047522825,MEDIO,Tipo de contrato: mes a mes,Tipo de contrato: mes a mes | Antigüedad | Tipo de contrato: dos años,Two year,Fiber optic,Electronic check,67,93.15,6368.2,0,Yes,No
2930-UOTMB,0.12088441577593419,MEDIO,Antigüedad,Antigüedad | Cargo acumulado | Servicio de internet: fibra óptica,Month-to-month,DSL,Credit card (automatic),31,65.25,1994.3,0,No,No
7654-YWJUF,0.12056248946415332,MEDIO,Tipo de contrato: mes a mes,Tipo de contrato: mes a mes | Antigüedad | Cargo acumulado,One year,Fiber optic,Bank transfer (automatic),43,84.25,3539.25,0,Yes,No
2616-FLVQC,0.11962518448981167,MEDIO,Tipo de contrato: mes a mes,Tipo de contrato: mes a mes | Tipo de contrato: dos años | Antigüedad,Two year,No,Mailed check,64,19.55,1240.15,0,No,No
9378-FXTIZ,0.11924150301656555,MEDIO,Tipo de contrato: mes a mes,Tipo de contrato: mes a mes | Antigüedad | Cargo acumulado,One year,DSL,Credit card (automatic),54,70.15,3715.65,0,Yes,No
3571-DPYUH,0.11905955273012675,MEDIO,Tipo de contrato: mes a mes,Tipo de contrato: mes a mes | Antigüedad | Cargo acumulado,One year,Fiber optic,Credit card (automatic),58,94.7,5430.35,0,Yes,Yes
8457-XIGKN,0.11898242918573805,MEDIO,Seguridad en línea: no,Seguridad en línea: no | Tipo de contrato: mes a mes | Soporte técnico: no,Month-to-month,No,Credit card (automatic),20,19.6,356.15,0,No,No
9040-KZVWO,0.11892278832604966,MEDIO,Tipo de contrato: mes a mes,Tipo de contrato: mes a mes | Antigüedad | Tipo de contrato: un año,One year,Fiber optic,Bank transfer (automatic),26,75.5,2018.1,0,No,No
1386-ZIKUV,0.11870911574481469,MEDIO,Seguridad en línea: no,Seguridad en línea: no | Soporte técnico: no | Cargo mensual,Month-to-month,No,Mailed check,7,18.95,130.55,0,No,No
8970-ANWXO,0.11827529283608319,MEDIO,Tipo de contrato: mes a mes,Tipo de contrato: mes a mes | Servicio de internet: fibra óptica | Cargo acumulado,One year,DSL,Mailed check,23,73.75,1756.6,0,No,No
9313-CDOGY,0.11816249261525778,MEDIO,Antigüedad,Antigüedad | Seguridad en línea: no | Servicio de internet: fibra óptica,Month-to-month,No,Electronic check,38,19.6,717.3,0,Yes,Yes
6933-FHBZC,0.11765732877880664,MEDIO,Tipo de contrato: mes a mes,Tipo de contrato: mes a mes | Antigüedad | Cargo acumulado,One year,DSL,Mailed check,26,56.05,1553.2,0,No,No
7157-SMCFK,0.11553643398924265,MEDIO,Tipo de contrato: mes a mes,Tipo de contrato: mes a mes | Tipo de contrato: dos años | Antigüedad,Two year,No,Mailed check,61,19.75,1124.2,0,No,Yes
7581-EBBOU,0.11528276907141631,MEDIO,Antigüedad,Antigüedad | Tipo de contrato: mes a mes | Cargo acumulado,One year,DSL,Credit card (automatic),60,70.15,4224.7,0,No,No
1097-FSPVW,0.11505211414521943,MEDIO,Antigüedad,Antigüedad | Cargo acumulado | Servicio de internet: fibra óptica,Month-to-month,DSL,Credit card (automatic),42,54.55,2455.05,0,No,No
7762-ONLJY,0.11494738643569877,MEDIO,Tipo de contrato: mes a mes,Tipo de contrato: mes a mes | Seguridad en línea: no | Servicio de internet: fibra óptica,One year,No,Mailed check,6,19.7,94.45,0,Yes,Yes
0134-XWXCE,0.11477735559836333,MEDIO,Tipo de contrato: mes a mes,Tipo de contrato: mes a mes | Antigüedad | Cargo acumulado,One year,DSL,Bank transfer (automatic),44,74.85,3268.05,1,No,No
7375-WMVMT,0.11475707517929465,MEDIO,Tipo de contrato: mes a mes,Tipo de contrato: mes a mes | Antigüedad | Tipo de contrato: dos años,Two year,Fiber optic,Credit card (automatic),71,95.5,6707.15,1,Yes,No
3077-RSNTJ,0.11401469515498718,MEDIO,Seguridad en línea: no,Seguridad en línea: no | Servicio de internet: fibra óptica | Tipo de contrato: mes a mes,Month-to-month,No,Mailed check,6,19.7,113.5,0,Yes,Yes
0230-UBYPQ,0.11364189965612356,MEDIO,Tipo de contrato: mes a mes,Tipo de contrato: mes a mes | Antigüedad | Cargo acumulado,One year,DSL,Bank transfer (automatic),63,36.1,2298.9,1,Yes,No
6519-ZHPXP,0.1136257298094767,MEDIO,Antigüedad,Antigüedad | Tipo de contrato: mes a mes | Tipo de contrato: dos años,Two year,Fiber optic,Bank transfer (automatic),72,108.3,7679.65,0,Yes,Yes
9931-KGHOA,0.11334610657331716,MEDIO,Antigüedad,Antigüedad | Servicio de internet: fibra óptica | Cargo acumulado,Month-to-month,DSL,Bank transfer (automatic),46,55.0,2473.95,0,Yes,No
0048-PIHNL,0.11327458763360387,MEDIO,Tipo de contrato: mes a mes,Tipo de contrato: mes a mes | Antigüedad | Seguridad en línea: no,One year,No,Bank transfer (automatic),49,20.45,900.9,0,Yes,No
7997-EASSD,0.1118367764133899,MEDIO,Tipo de contrato: mes a mes,Tipo de contrato: mes a mes | Antigüedad | Cargo acumulado,One year,Fiber optic,Credit card (automatic),63,81.2,4965.1,0,Yes,No
2834-JKOOW,0.1117402956109298,MEDIO,Tipo de contrato: mes a mes,Tipo de contrato: mes a mes | Servicio de internet: fibra óptica | Seguridad en línea: no,One year,DSL,Mailed check,15,45.9,693.45,0,No,No
1385-TQOZW,0.1114972909550647,MEDIO,Cargo mensual,Cargo mensual | Seguridad en línea: no | Soporte técnico: no,Month-to-month,No,Credit card (automatic),9,20.45,147.55,0,No,No
8034-RYTVV,0.11070944419759021,MEDIO,Tipo de contrato: mes a mes,Tipo de contrato: mes a mes | Antigüedad | Cargo acumulado,One year,Fiber optic,Credit card (automatic),55,84.25,4589.85,0,No,No
5701-GUXDC,0.10997619737360395,MEDIO,Tipo de contrato: mes a mes,Tipo de contrato: mes a mes | Seguridad en línea: no | Antigüedad,One year,DSL,Credit card (automatic),26,35.4,978.6,0,Yes,No
7531-GQHME,0.10993223491022164,MEDIO,Seguridad en línea: no,Seguridad en línea: no | Tipo de contrato: mes a mes | Servicio de internet: fibra óptica,Month-to-month,No,Credit card (automatic),12,20.05,265.45,0,No,No
9777-IQHWP,0.10963877721974524,MEDIO,Tipo de contrato: mes a mes,Tipo de contrato: mes a mes | Antigüedad | Tipo de contrato: dos años,Two year,Fiber optic,Bank transfer (automatic),64,93.4,5822.3,0,Yes,Yes
0074-HDKDG,0.10846637592423519,MEDIO,Tipo de contrato: mes a mes,Tipo de contrato: mes a mes | Servicio de internet: fibra óptica | Cargo acumulado,One year,DSL,Bank transfer (automatic),25,61.6,1611.0,0,Yes,Yes
2428-ZMCTB,0.10814364183448655,MEDIO,Seguridad en línea: no,Seguridad en línea: no | Tipo de contrato: mes a mes | Servicio de internet: fibra óptica,Month-to-month,No,Credit card (automatic),10,19.75,208.25,0,No,No
4137-JOPHL,0.10770519972215045,MEDIO,Tipo de contrato: mes a mes,Tipo de contrato: mes a mes | Antigüedad | Tipo de contrato: dos años,Two year,Fiber optic,Bank transfer (automatic),50,89.7,4304.5,0,No,No
0980-FEXWF,0.10756239674701197,MEDIO,Tipo de contrato: mes a mes,Tipo de contrato: mes a mes | Antigüedad | Cargo acumulado,One year,DSL,Mailed check,26,50.35,1285.8,0,Yes,Yes
6838-HVLXG,0.10741221703894577,MEDIO,Seguridad en línea: no,Seguridad en línea: no | Servicio de internet: fibra óptica | Tipo de contrato: mes a mes,Month-to-month,No,Mailed check,12,20.3,246.7,0,No,No
9565-JSNFM,0.10605430710136918,MEDIO,Tipo de contrato: mes a mes,Tipo de contrato: mes a mes | Antigüedad | Tipo de contrato: un año,One year,Fiber optic,Bank transfer (automatic),38,70.45,2597.6,0,No,No
9142-XMYJH,0.10563799124673456,MEDIO,Antigüedad,Antigüedad | Tipo de contrato: mes a mes | Servicio de internet: fibra óptica,Month-to-month,No,Credit card (automatic),29,19.35,601.6,0,No,No
6797-LNAQX,0.1041474933465019,MEDIO,Tipo de contrato: mes a mes,Tipo de contrato: mes a mes | Antigüedad | Tipo de contrato: dos años,Two year,Fiber optic,Bank transfer (automatic),70,98.3,6859.5,0,Yes,Yes
0707-HOVVN,0.10374080512652122,MEDIO,Tipo de contrato: mes a mes,Tipo de contrato: mes a mes | Antigüedad | Tipo de contrato: dos años,Two year,DSL,Bank transfer (automatic),70,75.5,5212.65,1,No,No
9220-ZNKJI,0.10177888964145033,MEDIO,Tipo de contrato: mes a mes,Tipo de contrato: mes a mes | Antigüedad | Tipo de contrato: dos años,Two year,Fiber optic,Credit card (automatic),55,88.8,4805.3,1,Yes,No
6194-HBGQN,0.10034750379931578,MEDIO,Tipo de contrato: mes a mes,Tipo de contrato: mes a mes | Antigüedad | Cargo acumulado,One year,DSL,Credit card (automatic),51,81.15,4126.2,0,No,No
5709-LVOEQ,0.1002396717702592,MEDIO,Tipo de contrato: mes a mes,Tipo de contrato: mes a mes | Tipo de contrato: dos años | Antigüedad,Two year,DSL,Mailed check,0,80.85,,0,Yes,Yes
2926-JEJJC,0.09919151070151984,MEDIO,Tipo de contrato: mes a mes,Tipo de contrato: mes a mes | Seguridad en línea: no | Servicio de internet: fibra óptica,One year,No,Bank transfer (automatic),8,20.2,140.95,0,No,No
5863-OOKCL,0.09901189491433501,MEDIO,Cargo mensual,Cargo mensual | Seguridad en línea: no | Servicio de internet: fibra óptica,Month-to-month,No,Mailed check,10,18.85,163.2,0,No,No
5049-MUBWG,0.09880399037224838,MEDIO,Tipo de contrato: mes a mes,Tipo de contrato: mes a mes | Servicio de internet: fibra óptica | Cargo acumulado,One year,DSL,Bank transfer (automatic),26,75.0,1908.35,0,No,No
9720-JJJOR,0.09809355519762297,MEDIO,Tipo de contrato: mes a mes,Tipo de contrato: mes a mes | Antigüedad | Seguridad en línea: no,One year,DSL,Bank transfer (automatic),41,60.3,2511.3,0,Yes,Yes
0628-CNQRM,0.0976237590413071,MEDIO,Tipo de contrato: mes a mes,Tipo de contrato: mes a mes | Servicio de internet: fibra óptica | Cargo mensual,One year,DSL,Bank transfer (automatic),22,67.5,1544.05,0,Yes,Yes
9648-BCHKM,0.09758288978921836,MEDIO,Tipo de contrato: mes a mes,Tipo de contrato: mes a mes | Tipo de contrato: dos años | Seguridad en línea: no,Two year,No,Credit card (automatic),18,24.65,471.35,0,Yes,Yes
1122-YJBCS,0.09712537118845097,MEDIO,Tipo de contrato: mes a mes,Tipo de contrato: mes a mes | Antigüedad | Cargo acumulado,One year,DSL,Credit card (automatic),69,53.65,3804.4,0,Yes,No
2746-DIJLO,0.09700298128791753,MEDIO,Tipo de contrato: mes a mes,Tipo de contrato: mes a mes | Antigüedad | Cargo acumulado,One year,DSL,Credit card (automatic),41,56.3,2364.0,0,No,No
9412-ARGBX,0.09686430284815767,MEDIO,Tipo de contrato: mes a mes,Tipo de contrato: mes a mes | Tipo de contrato: dos años | Antigüedad,Two year,Fiber optic,Mailed check,48,95.5,4627.85,0,No,Yes
7356-AYNJP,0.09661794367414696,MEDIO,Tipo de contrato: mes a mes,Tipo de contrato: mes a mes | Seguridad en línea: no | Servicio de internet: fibra óptica,One year,No,Electronic check,4,23.9,97.5,0,No,No
6164-HXUGH,0.09651498209370814,MEDIO,Seguridad en línea: no,Seguridad en línea: no | Servicio de internet: fibra óptica | Tipo de contrato: mes a mes,Month-to-month,No,Mailed check,6,19.85,119.3,0,Yes,Yes
6598-RFFVI,0.09623444484604227,MEDIO,Tipo de contrato: mes a mes,Tipo de contrato: mes a mes | Seguridad en línea: no | Cargo acumulado,One year,No,Credit card (automatic),2,19.3,28.3,0,No,No
2129-ALKBS,0.09605579395888734,MEDIO,Antigüedad,Antigüedad | Seguridad en línea: no | Servicio de internet: fibra óptica,Month-to-month,No,Electronic check,40,26.2,1077.5,0,Yes,Yes
5204-HMGYF,0.09588087006789169,MEDIO,Tipo de contrato: mes a mes,Tipo de contrato: mes a mes | Antigüedad | Cargo acumulado,One year,DSL,Mailed check,49,87.2,4345.0,0,Yes,Yes
3733-UOCWF,0.09527377283709944,MEDIO,Antigüedad,Antigüedad | Tipo de contrato: mes a mes | Cargo acumulado,One year,Fiber optic,Bank transfer (automatic),61,85.55,5251.75,1,Yes,No
0983-TATYJ,0.09494120783599831,MEDIO,Tipo de contrato: mes a mes,Tipo de contrato: mes a mes | Antigüedad | Cargo acumulado,One year,DSL,Mailed check,33,51.45,1758.9,0,Yes,No
6061-GWWAV,0.09392895984491866,BAJO,Tipo de contrato: mes a mes,Tipo de contrato: mes a mes | Antigüedad | Cargo acumulado,One year,DSL,Mailed check,41,70.2,2894.55,0,No,Yes
3229-USWAR,0.09342631457248574,BAJO,Tipo de contrato: mes a mes,Tipo de contrato: mes a mes | Servicio de internet: fibra óptica | Antigüedad,One year,DSL,Bank transfer (automatic),34,79.95,2727.3,0,No,No
9209-NWPGU,0.09332130648383548,BAJO,Tipo de contrato: mes a mes,Tipo de contrato: mes a mes | Antigüedad | Cargo mensual,One year,DSL,Electronic check,44,65.4,2774.55,0,No,No
2533-QVMSK,0.09283194074403632,BAJO,Tipo de contrato: mes a mes,Tipo de contrato: mes a mes | Tipo de contrato: dos años | Antigüedad,Two year,Fiber optic,Electronic check,61,94.1,5638.3,0,Yes,No
9866-OCCKE,0.09259418434242349,BAJO,Antigüedad,Antigüedad | Tipo de contrato: dos años | Tipo de contrato: mes a mes,Two year,Fiber optic,Mailed check,72,109.75,8075.35,1,Yes,No
8338-QIUNR,0.09200580603584485,BAJO,Tipo de contrato: mes a mes,Tipo de contrato: mes a mes | Antigüedad | Tipo de contrato: dos años,Two year,DSL,Credit card (automatic),72,66.5,4811.6,0,Yes,Yes
4378-MYPGO,0.09178079389946525,BAJO,Tipo de contrato: mes a mes,Tipo de contrato: mes a mes | Antigüedad | Tipo de contrato: dos años,Two year,Fiber optic,Bank transfer (automatic),68,105.25,7173.15,0,Yes,Yes
2649-HWLYB,0.09168271832652648,BAJO,Tipo de contrato: mes a mes,Tipo de contrato: mes a mes | Tipo de contrato: dos años | Antigüedad,Two year,DSL,Bank transfer (automatic),65,76.15,4929.55,0,Yes,No
9640-ZSLDC,0.09145575738667845,BAJO,Tipo de contrato: mes a mes,Tipo de contrato: mes a mes | Antigüedad | Cargo acumulado,One year,DSL,Credit card (automatic),53,60.6,3297.0,0,Yes,Yes
3794-NFNCH,0.09125031843632168,BAJO,Antigüedad,Antigüedad | Cargo acumulado | Servicio de internet: fibra óptica,Month-to-month,DSL,Mailed check,30,50.0,1474.9,0,Yes,No
3055-VTCGS,0.09099146778518281,BAJO,Antigüedad,Antigüedad | Tipo de contrato: mes a mes | Cargo acumulado,One year,DSL,Credit card (automatic),63,58.55,3503.5,0,No,No
6766-HFKLA,0.09085510854452028,BAJO,Tipo de contrato: mes a mes,Tipo de contrato: mes a mes | Tipo de contrato: dos años | Antigüedad,Two year,Fiber optic,Bank transfer (automatic),56,103.2,5744.35,0,Yes,No
0979-MOZQI,0.09039261366600936,BAJO,Tipo de contrato: mes a mes,Tipo de contrato: mes a mes | Antigüedad | Tipo de contrato: dos años,Two year,DSL,Bank transfer (automatic),62,39.0,2337.45,0,Yes,No
9359-UGBTK,0.08991758261155508,BAJO,Antigüedad,Antigüedad | Tipo de contrato: mes a mes | Cargo acumulado,One year,DSL,Bank transfer (automatic),67,72.35,4991.5,0,No,No
6568-POCUI,0.08895298975523343,BAJO,Tipo de contrato: mes a mes,Tipo de contrato: mes a mes | Tipo de contrato: dos años | Antigüedad,Two year,Fiber optic,Credit card (automatic),45,95.2,4285.8,0,Yes,No
9070-BCKQP,0.08892925707741595,BAJO,Antigüedad,Antigüedad | Tipo de contrato: dos años | Tipo de contrato: mes a mes,Two year,Fiber optic,Credit card (automatic),72,110.15,7881.2,0,Yes,No
6322-HRPFA,0.0887565112680781,BAJO,Antigüedad,Antigüedad | Cargo acumulado | Tipo de contrato: mes a mes,Month-to-month,DSL,Credit card (automatic),49,59.6,2970.3,0,Yes,Yes
6685-GBWJZ,0.08862963346432301,BAJO,Antigüedad,Antigüedad | Tipo de contrato: mes a mes | Cargo acumulado,One year,DSL,Credit card (automatic),63,70.8,4448.8,0,Yes,No
9330-VOFSZ,0.08813227617659138,BAJO,Tipo de contrato: mes a mes,Tipo de contrato: mes a mes | Tipo de contrato: dos años | Antigüedad,Two year,Fiber optic,Credit card (automatic),60,110.8,6640.7,0,Yes,No
7492-TAFJD,0.08761845497001272,BAJO,Tipo de contrato: mes a mes,Tipo de contrato: mes a mes | Tipo de contrato: dos años | Seguridad en línea: no,Two year,DSL,Mailed check,7,38.55,280.0,0,Yes,Yes
2954-PIBKO,0.0873349997184751,BAJO,Tipo de contrato: mes a mes,Tipo de contrato: mes a mes | Antigüedad | Tipo de contrato: dos años,Two year,DSL,Credit card (automatic),69,64.15,4254.1,0,Yes,Yes
8409-WQJUX,0.08682439503091724,BAJO,Tipo de contrato: mes a mes,Tipo de contrato: mes a mes | Antigüedad | Servicio de internet: fibra óptica,One year,DSL,Electronic check,25,54.2,1423.15,0,No,No
3301-VKTGC,0.08573215530134211,BAJO,Tipo de contrato: mes a mes,Tipo de contrato: mes a mes | Antigüedad | Cargo acumulado,One year,Fiber optic,Bank transfer (automatic),68,85.5,5696.6,0,Yes,Yes
2522-WLNSF,0.08540738480217304,BAJO,Tipo de contrato: mes a mes,Tipo de contrato: mes a mes | Antigüedad | Cargo acumulado,One year,DSL,Bank transfer (automatic),34,64.2,2106.3,1,Yes,No
4304-TSPVK,0.08532803850787751,BAJO,Tipo de contrato: mes a mes,Tipo de contrato: mes a mes | Tipo de contrato: dos años | Antigüedad,Two year,Fiber optic,Bank transfer (automatic),68,114.9,7843.55,0,Yes,No
6445-TNRXS,0.08522397673257451,BAJO,Tipo de contrato: mes a mes,Tipo de contrato: mes a mes | Tipo de contrato: dos años | Antigüedad,Two year,Fiber optic,Bank transfer (automatic),68,114.7,7849.85,0,Yes,Yes
5018-LXQQG,0.08520251630065982,BAJO,Servicio de internet: fibra óptica,Servicio de internet: fibra óptica | Antigüedad | Cargo acumulado,Month-to-month,DSL,Bank transfer (automatic),30,66.3,1923.5,0,Yes,Yes
0727-BNRLG,0.08474376937954452,BAJO,Tipo de contrato: mes a mes,Tipo de contrato: mes a mes | Tipo de contrato: dos años | Antigüedad,Two year,Fiber optic,Credit card (automatic),69,97.65,6743.55,0,No,No
1136-XGEQU,0.08410405661076642,BAJO,Tipo de contrato: mes a mes,Tipo de contrato: mes a mes | Antigüedad | Cargo acumulado,One year,DSL,Credit card (automatic),50,84.15,4164.4,0,Yes,Yes
6726-NNFWD,0.08344811604969629,BAJO,Tipo de contrato: mes a mes,Tipo de contrato: mes a mes | Antigüedad | Tipo de contrato: dos años,Two year,Fiber optic,Credit card (automatic),71,89.45,6435.25,1,Yes,No
6784-XYJAE,0.08284001495595901,BAJO,Tipo de contrato: mes a mes,Tipo de contrato: mes a mes | Antigüedad | Cargo acumulado,One year,DSL,Electronic check,36,55.8,1941.5,0,No,No
3594-IVHJZ,0.08218963702090733,BAJO,Seguridad en línea: no,Seguridad en línea: no | Soporte técnico: no | Cargo mensual,Month-to-month,No,Mailed check,2,20.45,42.45,0,No,No
1525-LNLOJ,0.08208247848103888,BAJO,Tipo de contrato: mes a mes,Tipo de contrato: mes a mes | Antigüedad | Tipo de contrato: dos años,Two year,DSL,Bank transfer (automatic),66,63.3,4189.7,0,Yes,Yes
6332-FBZRI,0.0809194888286334,BAJO,Tipo de contrato: mes a mes,Tipo de contrato: mes a mes | Antigüedad | Cargo acumulado,One year,DSL,Credit card (automatic),67,69.35,4653.25,0,Yes,Yes
3354-OADJP,0.0805549368778776,BAJO,Tipo de contrato: mes a mes,Tipo de contrato: mes a mes | Seguridad en línea: no | Servicio de internet: fibra óptica,One year,DSL,Bank transfer (automatic),8,54.25,447.75,0,No,No
8780-RSYYU,0.08048918117045642,BAJO,Antigüedad,Antigüedad | Servicio de internet: fibra óptica | Seguridad en línea: no,Month-to-month,No,Credit card (automatic),25,19.2,532.1,0,No,No
9330-DHBFL,0.07887264893076494,BAJO,Tipo de contrato: mes a mes,Tipo de contrato: mes a mes | Servicio de internet: fibra óptica | Seguridad en línea: no,One year,DSL,Mailed check,23,66.25,1533.8,0,Yes,Yes
9746-UGFAC,0.07857255761279291,BAJO,Tipo de contrato: mes a mes,Tipo de contrato: mes a mes | Seguridad en línea: no | Servicio de internet: fibra óptica,One year,No,Bank transfer (automatic),22,20.85,450.65,0,No,No
3646-ITDGM,0.07774056800890254,BAJO,Tipo de contrato: mes a mes,Tipo de contrato: mes a mes | Tipo de contrato: dos años | Antigüedad,Two year,No,Bank transfer (automatic),56,19.7,1051.9,0,No,No
1090-ESELR,0.07770226588741723,BAJO,Antigüedad,Antigüedad | Tipo de contrato: mes a mes | Tipo de contrato: dos años,Two year,Fiber optic,Bank transfer (automatic),72,105.5,7611.55,0,Yes,Yes
2368-GAKKQ,0.07686556773692914,BAJO,Tipo de contrato: dos años,Tipo de contrato: dos años | Tipo de contrato: mes a mes | Antigüedad,Two year,Fiber optic,Bank transfer (automatic),70,113.65,7939.25,0,No,No
9917-KWRBE,0.07651395148850039,BAJO,Tipo de contrato: mes a mes,Tipo de contrato: mes a mes | Antigüedad | Servicio de internet: fibra óptica,One year,DSL,Credit card (automatic),41,78.35,3211.2,0,Yes,Yes
6112-KTHFQ,0.07623410495321603,BAJO,Seguridad en línea: no,Seguridad en línea: no | Servicio de internet: fibra óptica | Tipo de contrato: mes a mes,Month-to-month,No,Mailed check,13,19.3,279.3,0,No,No
2525-GVKQU,0.07610196418841655,BAJO,Tipo de contrato: mes a mes,Tipo de contrato: mes a mes | Tipo de contrato: dos años | Antigüedad,Two year,No,Mailed check,60,20.6,1093.0,0,No,No
5297-MDOIR,0.07525728311408193,BAJO,Tipo de contrato: mes a mes,Tipo de contrato: mes a mes | Antigüedad | Cargo acumulado,One year,Fiber optic,Credit card (automatic),63,81.15,5224.5,0,Yes,No
5161-XEUVX,0.07524941374285872,BAJO,Tipo de contrato: mes a mes,Tipo de contrato: mes a mes | Tipo de contrato: dos años | Antigüedad,Two year,Fiber optic,Mailed check,37,94.3,3460.95,0,Yes,No
0052-YNYOT,0.07524477621522407,BAJO,Tipo de contrato: mes a mes,Tipo de contrato: mes a mes | Antigüedad | Seguridad en línea: no,One year,No,Electronic check,67,20.55,1343.4,0,No,No
5324-KTGCG,0.0747596603367915,BAJO,Tipo de contrato: mes a mes,Tipo de contrato: mes a mes | Antigüedad | Seguridad en línea: no,One year,No,Electronic check,71,20.85,1539.75,0,Yes,No
5329-KRDTM,0.07402169935284025,BAJO,Tipo de contrato: mes a mes,Tipo de contrato: mes a mes | Antigüedad | Tipo de contrato: dos años,Two year,DSL,Credit card (automatic),72,77.35,5396.25,1,Yes,No
4654-ULTTN,0.07395745779750783,BAJO,Tipo de contrato: dos años,Tipo de contrato: dos años | Tipo de contrato: mes a mes | Antigüedad,Two year,DSL,Credit card (automatic),70,74.8,5315.8,0,Yes,No
1730-VFMWO,0.07335988549157355,BAJO,Antigüedad,Antigüedad | Cargo acumulado | Servicio de internet: fibra óptica,Month-to-month,DSL,Bank transfer (automatic),34,50.2,1815.3,0,Yes,No
7337-CINUD,0.0732280398161102,BAJO,Tipo de contrato: dos años,Tipo de contrato: dos años | Tipo de contrato: mes a mes | Seguridad en línea: no,Two year,No,Bank transfer (automatic),8,19.5,159.35,0,Yes,Yes
7311-MQJCH,0.07308022495171378,BAJO,Tipo de contrato: mes a mes,Tipo de contrato: mes a mes | Seguridad en línea: no | Tipo de contrato: un año,One year,No,Electronic check,5,19.55,99.6,0,No,No
7061-OVMIM,0.07221722337472308,BAJO,Tipo de contrato: mes a mes,Tipo de contrato: mes a mes | Antigüedad | Seguridad en línea: no,One year,No,Bank transfer (automatic),30,19.55,608.5,0,Yes,Yes
4537-CIBHB,0.07167584862990253,BAJO,Tipo de contrato: mes a mes,Tipo de contrato: mes a mes | Seguridad en línea: no | Servicio de internet: fibra óptica,One year,No,Mailed check,9,20.25,172.35,0,Yes,Yes
5245-VDBUR,0.07165197565868713,BAJO,Tipo de contrato: mes a mes,Tipo de contrato: mes a mes | Antigüedad | Seguridad en línea: no,One year,DSL,Mailed check,52,35.45,1958.95,0,Yes,No
5825-XJOCM,0.07072836934223681,BAJO,Tipo de contrato: mes a mes,Tipo de contrato: mes a mes | Antigüedad | Seguridad en línea: no,One year,DSL,Bank transfer (automatic),48,64.4,3035.35,0,No,Yes
1729-VLAZJ,0.07072027134201693,BAJO,Tipo de contrato: mes a mes,Tipo de contrato: mes a mes | Seguridad en línea: no | Servicio de internet: fibra óptica,One year,DSL,Mailed check,10,40.25,411.45,0,No,Yes
3429-IFLEM,0.07027977063831058,BAJO,Tipo de contrato: mes a mes,Tipo de contrato: mes a mes | Tipo de contrato: dos años | Antigüedad,Two year,DSL,Credit card (automatic),71,77.35,5550.1,0,No,No
9972-NKTFD,0.06979350597252866,BAJO,Antigüedad,Antigüedad | Cargo acumulado | Servicio de internet: fibra óptica,Month-to-month,DSL,Bank transfer (automatic),28,54.65,1517.5,0,No,No
8430-TWCBX,0.06946779166432394,BAJO,Tipo de contrato: mes a mes,Tipo de contrato: mes a mes | Antigüedad | Seguridad en línea: no,One year,No,Credit card (automatic),49,20.7,1032.05,0,Yes,No
5753-QQWPW,0.06939065213333682,BAJO,Tipo de contrato: mes a mes,Tipo de contrato: mes a mes | Antigüedad | Cargo acumulado,One year,DSL,Electronic check,28,59.9,1654.7,0,No,No
7996-BPXHY,0.06929783343541299,BAJO,Tipo de contrato: mes a mes,Tipo de contrato: mes a mes | Tipo de contrato: dos años | Seguridad en línea: no,Two year,No,Bank transfer (automatic),13,25.0,332.5,0,Yes,Yes
4877-TSOFF,0.06881211349925137,BAJO,Tipo de contrato: mes a mes,Tipo de contrato: mes a mes | Antigüedad | Cargo acumulado,One year,DSL,Bank transfer (automatic),55,75.75,4264.25,0,Yes,Yes
2958-NHPPS,0.06819155119579096,BAJO,Antigüedad,Antigüedad | Servicio de internet: fibra óptica | Seguridad en línea: no,Month-to-month,No,Electronic check,23,20.85,473.9,0,No,No
8646-JCOMS,0.06812374967841534,BAJO,Tipo de contrato: mes a mes,Tipo de contrato: mes a mes | Antigüedad | Cargo acumulado,One year,Fiber optic,Bank transfer (automatic),66,90.55,6130.95,0,Yes,No
7010-ZMVBF,0.06744668766900225,BAJO,Servicio de internet: fibra óptica,Servicio de internet: fibra óptica | Seguridad en línea: no | Tipo de contrato: mes a mes,Month-to-month,No,Mailed check,18,20.45,357.0,0,Yes,Yes
1218-VKFPE,0.06688473726938987,BAJO,Seguridad en línea: no,Seguridad en línea: no | Servicio de internet: fibra óptica | Cargo mensual,Month-to-month,No,Mailed check,12,19.0,233.55,0,Yes,Yes
2511-MORQY,0.06650549194651768,BAJO,Tipo de contrato: mes a mes,Tipo de contrato: mes a mes | Antigüedad | Cargo acumulado,One year,DSL,Bank transfer (automatic),50,54.9,2614.1,0,Yes,Yes
9860-LISIZ,0.06627601796414816,BAJO,Antigüedad,Antigüedad | Servicio de internet: fibra óptica | Seguridad en línea: no,Month-to-month,No,Mailed check,34,20.35,673.2,0,No,No
5318-YKDPV,0.06595806298361284,BAJO,Tipo de contrato: dos años,Tipo de contrato: dos años | Tipo de contrato: mes a mes | Antigüedad,Two year,DSL,Credit card (automatic),43,79.15,3566.6,0,Yes,Yes
6013-BHCAW,0.06587563012025063,BAJO,Antigüedad,Antigüedad | Tipo de contrato: mes a mes | Tipo de contrato: dos años,Two year,DSL,Bank transfer (automatic),61,81.0,4976.15,0,Yes,Yes
9313-QOLTZ,0.0658652025627688,BAJO,Antigüedad,Antigüedad | Seguridad en línea: no | Servicio de internet: fibra óptica,Month-to-month,No,Mailed check,26,20.9,518.3,0,No,No
2263-SFSQZ,0.06516194304290293,BAJO,Tipo de contrato: mes a mes,Tipo de contrato: mes a mes | Tipo de contrato: dos años | Antigüedad,Two year,No,Mailed check,51,24.95,1222.25,0,Yes,Yes
3812-LRZIR,0.06512989788292636,BAJO,Tipo de contrato: mes a mes,Tipo de contrato: mes a mes | Tipo de contrato: dos años | Seguridad en línea: no,Two year,No,Electronic check,27,24.5,761.95,0,Yes,Yes
4560-WQAQW,0.06466988248997706,BAJO,Tipo de contrato: mes a mes,Tipo de contrato: mes a mes | Antigüedad | Cargo acumulado,One year,DSL,Bank transfer (automatic),59,68.7,4070.95,0,No,No
4227-OJHAL,0.0643363540639285,BAJO,Tipo de contrato: mes a mes,Tipo de contrato: mes a mes | Antigüedad | Cargo acumulado,One year,DSL,Credit card (automatic),68,73.0,5163.0,0,Yes,Yes
3115-CZMZD,0.06392090000867923,BAJO,Tipo de contrato: mes a mes,Tipo de contrato: mes a mes | Tipo de contrato: dos años | Antigüedad,Two year,No,Mailed check,0,20.25,,0,No,Yes
9814-AOUDH,0.06342532781837668,BAJO,Tipo de contrato: mes a mes,Tipo de contrato: mes a mes | Tipo de contrato: dos años | Antigüedad,Two year,No,Credit card (automatic),53,19.5,1050.5,0,No,No
2907-ILJBN,0.06307057096573962,BAJO,Tipo de contrato: mes a mes,Tipo de contrato: mes a mes | Seguridad en línea: no | Servicio de internet: fibra óptica,One year,No,Mailed check,11,20.6,233.9,0,Yes,Yes
7764-BDPEE,0.06302721599526286,BAJO,Seguridad en línea: no,Seguridad en línea: no | Soporte técnico: no | Servicio de internet: fibra óptica,Month-to-month,No,Mailed check,3,20.85,60.65,0,No,Yes
0536-ACXIP,0.062056483402557705,BAJO,Antigüedad,Antigüedad | Tipo de contrato: mes a mes | Tipo de contrato: dos años,Two year,Fiber optic,Electronic check,72,109.55,8165.1,0,Yes,No
4521-WFJAI,0.061851095980136474,BAJO,Tipo de contrato: mes a mes,Tipo de contrato: mes a mes | Tipo de contrato: dos años | Antigüedad,Two year,No,Bank transfer (automatic),56,25.95,1444.05,0,No,No
4500-HKANN,0.06171275349283777,BAJO,Tipo de contrato: mes a mes,Tipo de contrato: mes a mes | Tipo de contrato: dos años | Servicio de internet: fibra óptica,Two year,DSL,Mailed check,23,59.7,1414.2,0,Yes,Yes
1744-JHKYS,0.06155967867443097,BAJO,Antigüedad,Antigüedad | Servicio de internet: fibra óptica | Seguridad en línea: no,Month-to-month,No,Electronic check,34,24.7,780.2,0,Yes,No
2245-ADZFJ,0.06154702553779006,BAJO,Tipo de contrato: dos años,Tipo de contrato: dos años | Tipo de contrato: mes a mes | Servicio de internet: fibra óptica,Two year,DSL,Bank transfer (automatic),31,80.55,2471.6,0,Yes,Yes
6283-GITPX,0.061203657106200474,BAJO,Tipo de contrato: mes a mes,Tipo de contrato: mes a mes | Antigüedad | Tipo de contrato: dos años,Two year,DSL,Credit card (automatic),71,76.9,5522.7,0,No,Yes
1023-BQXZE,0.05889365302434603,BAJO,Tipo de contrato: mes a mes,Tipo de contrato: mes a mes | Tipo de contrato: dos años | Antigüedad,Two year,DSL,Bank transfer (automatic),57,74.35,4317.35,0,No,No
9586-JGQKH,0.05884366376993797,BAJO,Antigüedad,Antigüedad | Tipo de contrato: mes a mes | Tipo de contrato: dos años,Two year,Fiber optic,Bank transfer (automatic),64,105.4,6794.75,0,Yes,No
8690-UPCZI,0.05866429098760026,BAJO,Tipo de contrato: mes a mes,Tipo de contrato: mes a mes | Antigüedad | Servicio de internet: fibra óptica,One year,DSL,Bank transfer (automatic),29,69.05,1958.45,0,Yes,Yes
5702-KVQRD,0.05835153490526814,BAJO,Antigüedad,Antigüedad | Tipo de contrato: dos años | Tipo de contrato: mes a mes,Two year,DSL,Electronic check,71,82.55,5832.65,0,Yes,No
5313-FPXWG,0.057768610788638326,BAJO,Tipo de contrato: mes a mes,Tipo de contrato: mes a mes | Antigüedad | Seguridad en línea: no,One year,No,Bank transfer (automatic),51,24.6,1266.4,0,No,No
3847-BAERP,0.057682571230049114,BAJO,Seguridad en línea: no,Seguridad en línea: no | Servicio de internet: fibra óptica | Soporte técnico: no,Month-to-month,No,Mailed check,10,20.9,247.0,0,No,No
4530-NDRKU,0.05736750875957272,BAJO,Tipo de contrato: mes a mes,Tipo de contrato: mes a mes | Antigüedad | Seguridad en línea: no,One year,No,Electronic check,42,19.05,761.85,0,Yes,Yes
9674-EHPPG,0.05691908696537627,BAJO,Tipo de contrato: mes a mes,Tipo de contrato: mes a mes | Tipo de contrato: dos años | Antigüedad,Two year,DSL,Credit card (automatic),46,40.4,1842.7,0,Yes,No
6292-TOSSS,0.05669074939891857,BAJO,Tipo de contrato: mes a mes,Tipo de contrato: mes a mes | Tipo de contrato: dos años | Antigüedad,Two year,No,Bank transfer (automatic),50,24.9,1195.25,0,No,No
8763-KIAFH,0.05638328917444596,BAJO,Tipo de contrato: mes a mes,Tipo de contrato: mes a mes | Antigüedad | Seguridad en línea: no,One year,No,Mailed check,27,20.55,583.3,0,Yes,Yes
5820-PTRYM,0.056028428201045914,BAJO,Tipo de contrato: mes a mes,Tipo de contrato: mes a mes | Antigüedad | Cargo acumulado,One year,DSL,Credit card (automatic),56,68.45,4014.0,1,Yes,No
0106-UGRDO,0.05598117147096148,BAJO,Tipo de contrato: dos años,Tipo de contrato: dos años | Antigüedad | Tipo de contrato: mes a mes,Two year,Fiber optic,Electronic check,69,116.0,8182.85,0,Yes,No
2272-WUSPA,0.05518692170721558,BAJO,Antigüedad,Antigüedad | Tipo de contrato: mes a mes | Tipo de contrato: dos años,Two year,Fiber optic,Electronic check,72,110.75,7751.7,0,Yes,No
0379-DJQHR,0.05497870552097353,BAJO,Tipo de contrato: mes a mes,Tipo de contrato: mes a mes | Tipo de contrato: dos años | Antigüedad,Two year,DSL,Credit card (automatic),67,81.35,5398.6,0,Yes,Yes
2824-DXNKN,0.054530247705002755,BAJO,Tipo de contrato: mes a mes,Tipo de contrato: mes a mes | Antigüedad | Tipo de contrato: dos años,Two year,DSL,Bank transfer (automatic),72,71.45,5025.85,0,Yes,Yes
5271-YNWVR,0.054525986010801594,BAJO,Tipo de contrato: mes a mes,Tipo de contrato: mes a mes | Tipo de contrato: dos años | Antigüedad,Two year,Fiber optic,Electronic check,68,113.15,7856.0,0,Yes,Yes
1545-JFUML,0.05448364539526886,BAJO,Tipo de contrato: mes a mes,Tipo de contrato: mes a mes | Antigüedad | Tipo de contrato: dos años,Two year,Fiber optic,Electronic check,71,99.0,6994.6,0,Yes,No
3511-BFTJW,0.054468922530571395,BAJO,Tipo de contrato: mes a mes,Tipo de contrato: mes a mes | Tipo de contrato: dos años | Antigüedad,Two year,DSL,Credit card (automatic),72,38.5,2763.0,0,Yes,Yes
8024-XNAFQ,0.05426841971790695,BAJO,Antigüedad,Antigüedad | Tipo de contrato: mes a mes | Tipo de contrato: dos años,Two year,Fiber optic,Bank transfer (automatic),72,107.4,7748.75,1,No,No
1038-RQOST,0.053079414125003256,BAJO,Servicio de internet: fibra óptica,Servicio de internet: fibra óptica | Seguridad en línea: no | Tipo de contrato: mes a mes,Month-to-month,No,Mailed check,19,20.6,414.95,0,Yes,Yes
3396-DKDEL,0.052371385341879954,BAJO,Tipo de contrato: mes a mes,Tipo de contrato: mes a mes | Tipo de contrato: dos años | Antigüedad,Two year,Fiber optic,Credit card (automatic),70,115.15,8250.0,0,Yes,Yes
6388-TABGU,0.051321786948017006,BAJO,Tipo de contrato: mes a mes,Tipo de contrato: mes a mes | Antigüedad | Cargo acumulado,One year,DSL,Bank transfer (automatic),62,56.15,3487.95,0,No,Yes
3530-VWVGU,0.05113396052464033,BAJO,Servicio de internet: fibra óptica,Servicio de internet: fibra óptica | Antigüedad | Seguridad en línea: no,Month-to-month,No,Mailed check,22,19.9,400.3,0,Yes,Yes
8590-YFFQO,0.05033349307017523,BAJO,Tipo de contrato: mes a mes,Tipo de contrato: mes a mes | Tipo de contrato: dos años | Antigüedad,Two year,DSL,Credit card (automatic),70,64.95,4523.25,0,Yes,No
8869-TORSS,0.05021036961126575,BAJO,Tipo de contrato: mes a mes,Tipo de contrato: mes a mes | Antigüedad | Cargo acumulado,One year,DSL,Credit card (automatic),48,60.35,2896.4,0,No,No
8735-NBLWT,0.04952757385000837,BAJO,Seguridad en línea: no,Seguridad en línea: no | Cargo mensual | Servicio de internet: fibra óptica,Month-to-month,No,Mailed check,9,20.4,184.1,0,No,Yes
2332-TODQS,0.04918253682210494,BAJO,Tipo de contrato: mes a mes,Tipo de contrato: mes a mes | Antigüedad | Seguridad en línea: no,One year,No,Credit card (automatic),48,25.05,1171.5,0,No,No
8777-PVYGU,0.04913110647596468,BAJO,Tipo de contrato: mes a mes,Tipo de contrato: mes a mes | Antigüedad | Servicio de internet: fibra óptica,One year,DSL,Mailed check,52,64.3,3410.6,0,Yes,No
6681-ZSEXG,0.049069171420282574,BAJO,Tipo de contrato: mes a mes,Tipo de contrato: mes a mes | Tipo de contrato: dos años | Antigüedad,Two year,DSL,Credit card (automatic),56,59.5,3389.25,0,Yes,No
3489-VSFRD,0.04887157387851926,BAJO,Tipo de contrato: mes a mes,Tipo de contrato: mes a mes | Antigüedad | Cargo acumulado,One year,DSL,Credit card (automatic),56,60.25,3282.75,0,No,No
5170-PTRKA,0.048300443587902,BAJO,Tipo de contrato: mes a mes,Tipo de contrato: mes a mes | Antigüedad | Cargo acumulado,One year,DSL,Credit card (automatic),49,35.8,1782.0,0,Yes,Yes
0420-TXVSG,0.04810713810262384,BAJO,Tipo de contrato: mes a mes,Tipo de contrato: mes a mes | Tipo de contrato: dos años | Antigüedad,Two year,DSL,Credit card (automatic),66,66.1,4428.45,0,Yes,No
8241-JUIQO,0.0479846371794733,BAJO,Tipo de contrato: mes a mes,Tipo de contrato: mes a mes | Antigüedad | Seguridad en línea: no,One year,No,Bank transfer (automatic),61,19.45,1336.35,0,No,No
4086-ATNFV,0.04784536275029879,BAJO,Tipo de contrato: mes a mes,Tipo de contrato: mes a mes | Antigüedad | Cargo acumulado,One year,DSL,Mailed check,34,60.8,2042.05,0,Yes,Yes
2075-PUEPR,0.04756459070874124,BAJO,Tipo de contrato: mes a mes,Tipo de contrato: mes a mes | Tipo de contrato: dos años | Antigüedad,Two year,No,Bank transfer (automatic),55,19.35,1153.25,0,Yes,Yes
6080-LNESI,0.04752291766839948,BAJO,Tipo de contrato: mes a mes,Tipo de contrato: mes a mes | Tipo de contrato: dos años | Antigüedad,Two year,No,Mailed check,51,24.75,1234.6,0,No,No
8809-XKHMD,0.047486731143429106,BAJO,Antigüedad,Antigüedad | Tipo de contrato: dos años | Tipo de contrato: mes a mes,Two year,Fiber optic,Bank transfer (automatic),72,100.55,7325.1,0,Yes,No
0164-APGRB,0.04746201530556144,BAJO,Antigüedad,Antigüedad | Tipo de contrato: dos años | Tipo de contrato: mes a mes,Two year,Fiber optic,Electronic check,72,114.9,8496.7,0,No,No
1784-BXEFA,0.04711462737155209,BAJO,Seguridad en línea: no,Seguridad en línea: no | Servicio de internet: fibra óptica | Cargo mensual,Month-to-month,No,Mailed check,10,20.55,187.35,0,No,No
7677-SJJJK,0.04709983857903517,BAJO,Tipo de contrato: mes a mes,Tipo de contrato: mes a mes | Seguridad en línea: no | Servicio de internet: fibra óptica,One year,No,Credit card (automatic),8,19.9,153.95,0,Yes,Yes
2325-ZUSFD,0.04692652950978394,BAJO,Tipo de contrato: mes a mes,Tipo de contrato: mes a mes | Antigüedad | Cargo acumulado,One year,DSL,Bank transfer (automatic),57,70.1,3913.3,0,Yes,Yes
9919-FZDED,0.046727148346781225,BAJO,Tipo de contrato: mes a mes,Tipo de contrato: mes a mes | Tipo de contrato: dos años | Antigüedad,Two year,DSL,Credit card (automatic),72,84.1,5981.65,1,Yes,No
0057-QBUQH,0.04632193470379322,BAJO,Tipo de contrato: mes a mes,Tipo de contrato: mes a mes | Tipo de contrato: dos años | Seguridad en línea: no,Two year,No,Electronic check,43,25.1,1070.15,0,No,Yes
9473-CBZOP,0.04632150109622399,BAJO,Tipo de contrato: mes a mes,Tipo de contrato: mes a mes | Antigüedad | Cargo acumulado,One year,DSL,Mailed check,28,59.0,1654.45,0,No,No
3967-VQOGC,0.046158782396919035,BAJO,Tipo de contrato: mes a mes,Tipo de contrato: mes a mes | Antigüedad | Tipo de contrato: dos años,Two year,No,Mailed check,67,24.9,1680.25,0,Yes,Yes
8909-BOLNL,0.04570146832154037,BAJO,Tipo de contrato: mes a mes,Tipo de contrato: mes a mes | Seguridad en línea: no | Soporte técnico: no,One year,No,Mailed check,3,21.2,52.05,0,No,No
3470-OBUET,0.045348257285582984,BAJO,Tipo de contrato: mes a mes,Tipo de contrato: mes a mes | Tipo de contrato: dos años | Antigüedad,Two year,DSL,Credit card (automatic),67,74.0,4868.4,0,Yes,Yes
3580-GICBM,0.045102644127013994,BAJO,Tipo de contrato: mes a mes,Tipo de contrato: mes a mes | Antigüedad | Tipo de contrato: dos años,Two year,No,Mailed check,61,24.2,1445.2,0,Yes,Yes
4018-PPNDW,0.045102644127013994,BAJO,Tipo de contrato: mes a mes,Tipo de contrato: mes a mes | Antigüedad | Tipo de contrato: dos años,Two year,No,Mailed check,61,24.1,1551.6,0,Yes,Yes
9867-XOBQA,0.04424920097301619,BAJO,Tipo de contrato: mes a mes,Tipo de contrato: mes a mes | Tipo de contrato: dos años | Servicio de internet: fibra óptica,Two year,DSL,Mailed check,21,53.15,1183.2,0,No,Yes
3926-YZVVX,0.043262057756096886,BAJO,Tipo de contrato: mes a mes,Tipo de contrato: mes a mes | Antigüedad | Cargo acumulado,One year,DSL,Bank transfer (automatic),41,50.05,2029.05,0,No,No
6872-HXFNF,0.04300987624098718,BAJO,Antigüedad,Antigüedad | Tipo de contrato: mes a mes | Cargo acumulado,One year,DSL,Bank transfer (automatic),64,58.35,3756.45,0,Yes,No
5751-USDBL,0.04250782969234375,BAJO,Tipo de contrato: dos años,Tipo de contrato: dos años | Tipo de contrato: mes a mes | Antigüedad,Two year,DSL,Mailed check,46,81.0,3846.35,0,Yes,Yes
7338-ERIVA,0.04250416721810045,BAJO,Tipo de contrato: mes a mes,Tipo de contrato: mes a mes | Antigüedad | Cargo acumulado,One year,DSL,Bank transfer (automatic),39,45.05,1790.6,0,No,Yes
3200-MNQTF,0.042417118022264354,BAJO,Tipo de contrato: mes a mes,Tipo de contrato: mes a mes | Tipo de contrato: dos años | Antigüedad,Two year,DSL,Credit card (automatic),67,70.9,4677.1,0,Yes,No
0056-EPFBG,0.042392618757948385,BAJO,Tipo de contrato: mes a mes,Tipo de contrato: mes a mes | Tipo de contrato: dos años | Servicio de internet: fibra óptica,Two year,DSL,Credit card (automatic),20,39.4,825.4,0,Yes,Yes
0463-TXOAK,0.042370065162242995,BAJO,Tipo de contrato: mes a mes,Tipo de contrato: mes a mes | Tipo de contrato: dos años | Antigüedad,Two year,No,Credit card (automatic),52,25.6,1334.5,0,No,Yes
6434-TTGJP,0.0422486993234972,BAJO,Tipo de contrato: mes a mes,Tipo de contrato: mes a mes | Tipo de contrato: dos años | Servicio de internet: fibra óptica,Two year,DSL,Credit card (automatic),10,53.7,521.0,0,Yes,Yes
8573-JGCZW,0.04222528695224834,BAJO,Tipo de contrato: mes a mes,Tipo de contrato: mes a mes | Seguridad en línea: no | Servicio de internet: fibra óptica,One year,No,Bank transfer (automatic),17,19.65,351.55,0,No,No
2805-AUFQN,0.04033016294416451,BAJO,Tipo de contrato: mes a mes,Tipo de contrato: mes a mes | Tipo de contrato: dos años | Seguridad en línea: no,Two year,No,Credit card (automatic),25,19.8,475.2,0,No,No
4702-HDRKD,0.04032709272109492,BAJO,Tipo de contrato: mes a mes,Tipo de contrato: mes a mes | Antigüedad | Cargo acumulado,One year,DSL,Bank transfer (automatic),67,49.35,3321.35,0,No,No
5334-AFQJB,0.04019111802253153,BAJO,Tipo de contrato: mes a mes,Tipo de contrato: mes a mes | Antigüedad | Tipo de contrato: dos años,Two year,No,Credit card (automatic),72,25.1,1789.9,1,No,No
1139-WUOAH,0.04011462795184901,BAJO,Tipo de contrato: mes a mes,Tipo de contrato: mes a mes | Antigüedad | Tipo de contrato: dos años,Two year,DSL,Credit card (automatic),57,53.35,3090.05,0,No,No
0788-DXBFY,0.039731379971031565,BAJO,Tipo de contrato: mes a mes,Tipo de contrato: mes a mes | Antigüedad | Seguridad en línea: no,One year,No,Electronic check,58,19.55,1108.8,0,Yes,Yes
6461-PPAXN,0.03863292175820353,BAJO,Tipo de contrato: mes a mes,Tipo de contrato: mes a mes | Antigüedad | Servicio de internet: fibra óptica,One year,DSL,Bank transfer (automatic),35,54.95,1916.0,0,Yes,Yes
2676-SSLTO,0.038418876215784985,BAJO,Tipo de contrato: mes a mes,Tipo de contrato: mes a mes | Antigüedad | Tipo de contrato: dos años,Two year,DSL,Bank transfer (automatic),49,66.15,3199.0,0,No,No
2188-SXWVT,0.037205281412817065,BAJO,Tipo de contrato: mes a mes,Tipo de contrato: mes a mes | Antigüedad | Cargo acumulado,One year,DSL,Mailed check,34,55.0,1885.15,0,No,No
0513-RBGPE,0.036865782802917135,BAJO,Tipo de contrato: mes a mes,Tipo de contrato: mes a mes | Tipo de contrato: dos años | Antigüedad,Two year,DSL,Credit card (automatic),37,62.8,2278.75,0,Yes,Yes
1952-DVVSW,0.03685396582581158,BAJO,Tipo de contrato: mes a mes,Tipo de contrato: mes a mes | Seguridad en línea: no | Servicio de internet: fibra óptica,One year,No,Mailed check,10,20.1,184.4,0,Yes,No
3088-FVYWK,0.0367279977717262,BAJO,Tipo de contrato: mes a mes,Tipo de contrato: mes a mes | Tipo de contrato: dos años | Antigüedad,Two year,No,Credit card (automatic),53,25.55,1336.1,0,Yes,Yes
4737-HOBAX,0.03656087796954027,BAJO,Tipo de contrato: mes a mes,Tipo de contrato: mes a mes | Antigüedad | Tipo de contrato: dos años,Two year,DSL,Credit card (automatic),63,79.8,5034.05,0,Yes,No
4648-YPBTM,0.036034939994359964,BAJO,Tipo de contrato: dos años,Tipo de contrato: dos años | Tipo de contrato: mes a mes | Antigüedad,Two year,DSL,Bank transfer (automatic),53,73.9,3958.25,0,No,No
0866-QLSIR,0.03590848902385251,BAJO,Tipo de contrato: mes a mes,Tipo de contrato: mes a mes | Antigüedad | Seguridad en línea: no,One year,DSL,Mailed check,34,64.4,2088.75,0,No,No
8915-NNTRC,0.035509920772855204,BAJO,Antigüedad,Antigüedad | Tipo de contrato: mes a mes | Tipo de contrato: dos años,Two year,Fiber optic,Credit card (automatic),72,107.7,7919.8,0,Yes,Yes
0263-FJTQO,0.035379118254683366,BAJO,Tipo de contrato: mes a mes,Tipo de contrato: mes a mes | Tipo de contrato: dos años | Antigüedad,Two year,DSL,Credit card (automatic),50,70.5,3486.65,0,Yes,Yes
7032-LMBHI,0.0350559644747867,BAJO,Tipo de contrato: mes a mes,Tipo de contrato: mes a mes | Antigüedad | Servicio de internet: fibra óptica,One year,DSL,Bank transfer (automatic),37,64.65,2347.85,0,No,No
1716-LSAMB,0.03464370145430504,BAJO,Tipo de contrato: mes a mes,Tipo de contrato: mes a mes | Tipo de contrato: dos años | Antigüedad,Two year,DSL,Bank transfer (automatic),45,54.65,2553.7,0,Yes,Yes
3795-GWTRD,0.034438919980307375,BAJO,Tipo de contrato: mes a mes,Tipo de contrato: mes a mes | Tipo de contrato: dos años | Antigüedad,Two year,DSL,Credit card (automatic),63,75.55,4707.85,0,Yes,Yes
1568-BEKZM,0.03413410284426156,BAJO,Tipo de contrato: dos años,Tipo de contrato: dos años | Tipo de contrato: mes a mes | Antigüedad,Two year,DSL,Credit card (automatic),70,90.05,6333.4,1,Yes,No
9945-PSVIP,0.034009504915307714,BAJO,Tipo de contrato: mes a mes,Tipo de contrato: mes a mes | Tipo de contrato: dos años | Seguridad en línea: no,Two year,No,Mailed check,25,18.7,383.65,0,Yes,Yes
4299-OPXEJ,0.03391335499307211,BAJO,Tipo de contrato: mes a mes,Tipo de contrato: mes a mes | Tipo de contrato: dos años | Antigüedad,Two year,No,Bank transfer (automatic),56,19.55,1080.55,0,No,No
8292-ITGYJ,0.03340948058954468,BAJO,Tipo de contrato: mes a mes,Tipo de contrato: mes a mes | Tipo de contrato: dos años | Antigüedad,Two year,No,Bank transfer (automatic),45,24.65,1138.8,0,Yes,Yes
9385-NXKDA,0.03333021092009169,BAJO,Tipo de contrato: mes a mes,Tipo de contrato: mes a mes | Antigüedad | Tipo de contrato: dos años,Two year,DSL,Credit card (automatic),72,82.65,5919.35,0,Yes,No
0164-XAIRP,0.03323555381315862,BAJO,Tipo de contrato: mes a mes,Tipo de contrato: mes a mes | Tipo de contrato: dos años | Seguridad en línea: no,Two year,No,Bank transfer (automatic),24,19.55,470.2,0,No,No
9530-GRMJG,0.03266468096014357,BAJO,Tipo de contrato: dos años,Tipo de contrato: dos años | Tipo de contrato: mes a mes | Antigüedad,Two year,DSL,Electronic check,70,84.1,5979.7,0,Yes,Yes
8619-IJNDK,0.03253904859014918,BAJO,Tipo de contrato: mes a mes,Tipo de contrato: mes a mes | Tipo de contrato: dos años | Antigüedad,Two year,DSL,Credit card (automatic),71,64.05,4492.9,0,Yes,Yes
8570-KLJYJ,0.031891574587840775,BAJO,Tipo de contrato: mes a mes,Tipo de contrato: mes a mes | Antigüedad | Cargo acumulado,One year,DSL,Mailed check,36,54.45,1893.5,0,No,No
2335-GSODA,0.03188970588646286,BAJO,Tipo de contrato: mes a mes,Tipo de contrato: mes a mes | Tipo de contrato: dos años | Servicio de internet: fibra óptica,Two year,DSL,Mailed check,23,40.1,857.75,0,No,Yes
8626-PTQGE,0.03130223503761465,BAJO,Tipo de contrato: mes a mes,Tipo de contrato: mes a mes | Tipo de contrato: dos años | Antigüedad,Two year,DSL,Bank transfer (automatic),69,60.05,4176.7,0,No,No
7114-AEOZE,0.031245305195273142,BAJO,Tipo de contrato: mes a mes,Tipo de contrato: mes a mes | Tipo de contrato: dos años | Antigüedad,Two year,No,Bank transfer (automatic),60,19.85,1128.1,0,No,No
9108-EQPNQ,0.031130829823761672,BAJO,Tipo de contrato: mes a mes,Tipo de contrato: mes a mes | Tipo de contrato: dos años | Seguridad en línea: no,Two year,No,Credit card (automatic),10,26.1,225.55,0,Yes,Yes
9968-FFVVH,0.03086715843391654,BAJO,Antigüedad,Antigüedad | Tipo de contrato: mes a mes | Cargo acumulado,One year,DSL,Bank transfer (automatic),63,68.8,4111.35,0,No,No
0121-SNYRK,0.03067324699976157,BAJO,Tipo de contrato: mes a mes,Tipo de contrato: mes a mes | Antigüedad | Cargo acumulado,One year,DSL,Mailed check,50,35.4,1748.9,0,No,No
0732-OCQOC,0.03045111436672031,BAJO,Tipo de contrato: mes a mes,Tipo de contrato: mes a mes | Tipo de contrato: dos años | Antigüedad,Two year,No,Bank transfer (automatic),52,25.05,1270.25,0,Yes,Yes
3649-JPUGY,0.030271582389285817,BAJO,Tipo de contrato: dos años,Tipo de contrato: dos años | Antigüedad | Tipo de contrato: mes a mes,Two year,DSL,Bank transfer (automatic),72,88.6,6201.95,0,No,No
9073-ZZIAY,0.02980611152201245,BAJO,Tipo de contrato: dos años,Tipo de contrato: dos años | Tipo de contrato: mes a mes | Antigüedad,Two year,DSL,Electronic check,62,86.1,5215.25,0,Yes,Yes
3884-UEBXB,0.029664442884535815,BAJO,Tipo de contrato: mes a mes,Tipo de contrato: mes a mes | Tipo de contrato: dos años | Antigüedad,Two year,DSL,Bank transfer (automatic),67,36.15,2434.45,0,Yes,Yes
2088-IEBAU,0.029261972113679424,BAJO,Tipo de contrato: mes a mes,Tipo de contrato: mes a mes | Antigüedad | Tipo de contrato: dos años,Two year,DSL,Electronic check,68,88.15,6148.45,0,No,No
7167-PCEYD,0.029114182314226352,BAJO,Tipo de contrato: mes a mes,Tipo de contrato: mes a mes | Tipo de contrato: dos años | Antigüedad,Two year,No,Mailed check,67,19.8,1311.3,0,No,No
9755-JHNMN,0.02899529687466482,BAJO,Tipo de contrato: mes a mes,Tipo de contrato: mes a mes | Tipo de contrato: dos años | Antigüedad,Two year,DSL,Bank transfer (automatic),49,67.4,3306.85,0,No,No
7560-QJAVJ,0.028884869917337904,BAJO,Tipo de contrato: mes a mes,Tipo de contrato: mes a mes | Tipo de contrato: dos años | Antigüedad,Two year,DSL,Bank transfer (automatic),70,79.6,5589.45,0,No,No
8015-IHCGW,0.028394378658642777,BAJO,Antigüedad,Antigüedad | Tipo de contrato: mes a mes | Tipo de contrato: dos años,Two year,Fiber optic,Electronic check,72,115.5,8425.15,0,Yes,Yes
8314-HTWVE,0.028386672429409874,BAJO,Tipo de contrato: mes a mes,Tipo de contrato: mes a mes | Tipo de contrato: dos años | Seguridad en línea: no,Two year,No,Mailed check,7,19.85,144.15,0,Yes,Yes
5893-PYOLZ,0.0283756376243634,BAJO,Tipo de contrato: dos años,Tipo de contrato: dos años | Tipo de contrato: mes a mes | Antigüedad,Two year,DSL,Credit card (automatic),56,81.8,4534.45,0,No,No
3071-MVJCD,0.02822907682103778,BAJO,Antigüedad,Antigüedad | Tipo de contrato: mes a mes | Tipo de contrato: dos años,Two year,DSL,Bank transfer (automatic),72,82.3,5815.15,0,Yes,Yes
3978-YNKDD,0.028163430114273868,BAJO,Tipo de contrato: mes a mes,Tipo de contrato: mes a mes | Tipo de contrato: dos años | Seguridad en línea: no,Two year,No,Credit card (automatic),19,20.85,467.5,0,No,Yes
0562-FGDCR,0.0281557586609897,BAJO,Antigüedad,Antigüedad | Tipo de contrato: mes a mes | Tipo de contrato: dos años,Two year,DSL,Mailed check,72,74.55,5430.65,0,Yes,Yes
1776-SPBWV,0.027949377504459853,BAJO,Tipo de contrato: mes a mes,Tipo de contrato: mes a mes | Antigüedad | Seguridad en línea: no,One year,No,Bank transfer (automatic),34,20.1,682.1,0,Yes,Yes
9430-NKQLY,0.02755232060626802,BAJO,Tipo de contrato: mes a mes,Tipo de contrato: mes a mes | Antigüedad | Tipo de contrato: dos años,Two year,No,Credit card (automatic),72,25.1,1790.8,0,Yes,Yes
1063-DHQJF,0.027411002951827735,BAJO,Tipo de contrato: mes a mes,Tipo de contrato: mes a mes | Antigüedad | Tipo de contrato: dos años,Two year,Fiber optic,Mailed check,69,92.15,6480.9,0,Yes,Yes
2812-REYAT,0.027039280400514964,BAJO,Tipo de contrato: mes a mes,Tipo de contrato: mes a mes | Antigüedad | Seguridad en línea: no,One year,No,Bank transfer (automatic),49,20.05,923.1,0,Yes,No
7359-WWYJV,0.026682107406932658,BAJO,Tipo de contrato: dos años,Tipo de contrato: dos años | Antigüedad | Tipo de contrato: mes a mes,Two year,Fiber optic,Credit card (automatic),72,114.45,8375.05,0,Yes,No
6919-ELBGL,0.026567099260127642,BAJO,Antigüedad,Antigüedad | Tipo de contrato: dos años | Tipo de contrato: mes a mes,Two year,Fiber optic,Bank transfer (automatic),72,114.95,8196.4,1,Yes,Yes
4335-UPJSI,0.02654826897111933,BAJO,Tipo de contrato: mes a mes,Tipo de contrato: mes a mes | Tipo de contrato: dos años | Seguridad en línea: no,Two year,No,Mailed check,24,19.75,498.1,0,No,Yes
6349-JDHQP,0.026448109288681985,BAJO,Tipo de contrato: mes a mes,Tipo de contrato: mes a mes | Tipo de contrato: dos años | Antigüedad,Two year,No,Credit card (automatic),53,19.85,1049.6,0,No,No
6064-ZATLR,0.026337642243709068,BAJO,Tipo de contrato: mes a mes,Tipo de contrato: mes a mes | Tipo de contrato: dos años | Antigüedad,Two year,DSL,Bank transfer (automatic),27,52.85,1498.65,0,No,No
5696-JVVQY,0.026306668111696793,BAJO,Tipo de contrato: mes a mes,Tipo de contrato: mes a mes | Tipo de contrato: dos años | Antigüedad,Two year,DSL,Credit card (automatic),48,70.1,3238.4,0,Yes,Yes
1085-LDWAM,0.026156809025963304,BAJO,Tipo de contrato: mes a mes,Tipo de contrato: mes a mes | Antigüedad | Seguridad en línea: no,One year,No,Credit card (automatic),69,20.35,1442.65,0,Yes,Yes
0019-EFAEP,0.026076777312403054,BAJO,Tipo de contrato: mes a mes,Tipo de contrato: mes a mes | Antigüedad | Tipo de contrato: dos años,Two year,Fiber optic,Bank transfer (automatic),72,101.3,7261.25,0,No,No
0298-XACET,0.02577930907059751,BAJO,Tipo de contrato: mes a mes,Tipo de contrato: mes a mes | Tipo de contrato: dos años | Antigüedad,Two year,DSL,Mailed check,52,50.2,2554.0,0,Yes,Yes
6288-CHQJB,0.025663862598342344,BAJO,Tipo de contrato: mes a mes,Tipo de contrato: mes a mes | Tipo de contrato: dos años | Antigüedad,Two year,DSL,Bank transfer (automatic),54,69.95,3871.85,0,Yes,Yes
8580-QVLOC,0.025650762043594767,BAJO,Tipo de contrato: dos años,Tipo de contrato: dos años | Tipo de contrato: mes a mes | Antigüedad,Two year,DSL,Credit card (automatic),72,92.45,6440.25,1,Yes,Yes
5457-COLHT,0.02547747099323752,BAJO,Tipo de contrato: dos años,Tipo de contrato: dos años | Antigüedad | Tipo de contrato: mes a mes,Two year,DSL,Bank transfer (automatic),69,80.65,5542.55,0,Yes,Yes
3161-ONRWK,0.025351903619983972,BAJO,Tipo de contrato: mes a mes,Tipo de contrato: mes a mes | Antigüedad | Cargo acumulado,One year,DSL,Bank transfer (automatic),60,65.85,3928.3,0,Yes,Yes
5181-OABFK,0.025019865362291154,BAJO,Tipo de contrato: mes a mes,Tipo de contrato: mes a mes | Tipo de contrato: dos años | Antigüedad,Two year,DSL,Credit card (automatic),56,61.3,3346.8,0,Yes,Yes
2885-HIJDH,0.024728478280501037,BAJO,Tipo de contrato: mes a mes,Tipo de contrato: mes a mes | Tipo de contrato: dos años | Antigüedad,Two year,DSL,Bank transfer (automatic),69,86.9,6194.1,0,Yes,Yes
8345-MVDYC,0.024665833654459207,BAJO,Tipo de contrato: dos años,Tipo de contrato: dos años | Tipo de contrato: mes a mes | Antigüedad,Two year,DSL,Bank transfer (automatic),45,81.65,3618.7,0,No,No
4359-INNWN,0.024546138414623,BAJO,Tipo de contrato: mes a mes,Tipo de contrato: mes a mes | Seguridad en línea: no | Servicio de internet: fibra óptica,One year,No,Credit card (automatic),17,20.05,337.9,0,No,No
2150-OEGBV,0.024271732134730304,BAJO,Tipo de contrato: mes a mes,Tipo de contrato: mes a mes | Antigüedad | Seguridad en línea: no,One year,No,Bank transfer (automatic),27,20.1,562.6,0,No,No
3831-YCPUO,0.024060836810646784,BAJO,Antigüedad,Antigüedad | Tipo de contrato: mes a mes | Tipo de contrato: dos años,Two year,Fiber optic,Credit card (automatic),72,109.5,7854.9,0,Yes,Yes
7322-OCWHC,0.02401804953542456,BAJO,Antigüedad,Antigüedad | Tipo de contrato: mes a mes | Tipo de contrato: dos años,Two year,Fiber optic,Bank transfer (automatic),72,93.05,6735.05,1,Yes,No
2987-BJXIK,0.023659093283596652,BAJO,Tipo de contrato: mes a mes,Tipo de contrato: mes a mes | Tipo de contrato: dos años | Antigüedad,Two year,DSL,Mailed check,70,84.7,5991.05,0,No,No
9030-QGZNL,0.023647741459616352,BAJO,Tipo de contrato: mes a mes,Tipo de contrato: mes a mes | Tipo de contrato: dos años | Seguridad en línea: no,Two year,No,Mailed check,8,20.85,161.65,0,No,No
5666-MBJPT,0.023599156240281666,BAJO,Tipo de contrato: mes a mes,Tipo de contrato: mes a mes | Antigüedad | Tipo de contrato: dos años,Two year,No,Bank transfer (automatic),65,25.1,1725.0,0,No,No
4717-GHADL,0.023461594590835824,BAJO,Tipo de contrato: mes a mes,Tipo de contrato: mes a mes | Tipo de contrato: dos años | Antigüedad,Two year,DSL,Mailed check,50,79.6,4024.2,0,No,No
0909-SELIE,0.023167308431635156,BAJO,Tipo de contrato: mes a mes,Tipo de contrato: mes a mes | Tipo de contrato: dos años | Antigüedad,Two year,DSL,Bank transfer (automatic),61,80.8,4860.85,0,Yes,No
5495-GPSRW,0.022922677855018836,BAJO,Tipo de contrato: mes a mes,Tipo de contrato: mes a mes | Tipo de contrato: dos años | Seguridad en línea: no,Two year,No,Mailed check,20,19.7,419.4,0,No,No
3563-SVYLG,0.022685212828024402,BAJO,Tipo de contrato: mes a mes,Tipo de contrato: mes a mes | Tipo de contrato: dos años | Antigüedad,Two year,DSL,Credit card (automatic),68,62.65,4375.8,0,Yes,Yes
6917-FIJHC,0.022539409812615686,BAJO,Tipo de contrato: mes a mes,Tipo de contrato: mes a mes | Antigüedad | Tipo de contrato: dos años,Two year,No,Mailed check,72,26.0,1776.0,0,Yes,No
3913-FCUUW,0.022475244061037136,BAJO,Tipo de contrato: mes a mes,Tipo de contrato: mes a mes | Antigüedad | Tipo de contrato: dos años,Two year,DSL,Bank transfer (automatic),72,70.45,5165.7,0,Yes,Yes
1697-LYYYX,0.022364737813717353,BAJO,Tipo de contrato: mes a mes,Tipo de contrato: mes a mes | Antigüedad | Seguridad en línea: no,One year,No,Credit card (automatic),61,19.1,1143.8,0,Yes,Yes
8390-FESFV,0.022193529375262765,BAJO,Tipo de contrato: mes a mes,Tipo de contrato: mes a mes | Antigüedad | Tipo de contrato: dos años,Two year,DSL,Bank transfer (automatic),62,84.5,5193.2,0,No,No
5924-SNGKP,0.021959217079039924,BAJO,Tipo de contrato: mes a mes,Tipo de contrato: mes a mes | Antigüedad | Seguridad en línea: no,One year,No,Credit card (automatic),41,20.25,865.0,0,No,Yes
6096-EGVTU,0.02184110507852396,BAJO,Tipo de contrato: mes a mes,Tipo de contrato: mes a mes | Antigüedad | Seguridad en línea: no,One year,No,Mailed check,64,24.9,1595.5,0,Yes,Yes
4464-JCOLN,0.02170435956702982,BAJO,Tipo de contrato: mes a mes,Tipo de contrato: mes a mes | Seguridad en línea: no | Soporte técnico: no,One year,No,Mailed check,2,19.85,35.9,0,Yes,Yes
4121-AGSIN,0.02149152056331448,BAJO,Tipo de contrato: mes a mes,Tipo de contrato: mes a mes | Antigüedad | Seguridad en línea: no,One year,No,Credit card (automatic),58,24.5,1497.9,0,Yes,Yes
3750-YHRYO,0.02144231078758705,BAJO,Tipo de contrato: mes a mes,Tipo de contrato: mes a mes | Seguridad en línea: no | Servicio de internet: fibra óptica,One year,No,Mailed check,7,20.65,150.0,0,Yes,Yes
6953-PBDIN,0.021291800726196932,BAJO,Tipo de contrato: mes a mes,Tipo de contrato: mes a mes | Antigüedad | Tipo de contrato: dos años,Two year,DSL,Bank transfer (automatic),70,72.95,5265.55,0,Yes,No
0559-CKHUS,0.021284948831083245,BAJO,Tipo de contrato: mes a mes,Tipo de contrato: mes a mes | Tipo de contrato: dos años | Seguridad en línea: no,Two year,No,Mailed check,29,19.55,521.8,0,Yes,No
6203-HBZPA,0.02090324775482378,BAJO,Tipo de contrato: dos años,Tipo de contrato: dos años | Tipo de contrato: mes a mes | Antigüedad,Two year,DSL,Credit card (automatic),52,63.9,3334.95,0,No,No
1862-QRWPE,0.020735922713123276,BAJO,Tipo de contrato: mes a mes,Tipo de contrato: mes a mes | Tipo de contrato: dos años | Antigüedad,Two year,No,Bank transfer (automatic),48,20.65,1057.0,0,Yes,Yes
6374-AFWOX,0.020687368830792235,BAJO,Tipo de contrato: mes a mes,Tipo de contrato: mes a mes | Tipo de contrato: dos años | Antigüedad,Two year,DSL,Mailed check,46,65.65,3047.15,0,Yes,No
5803-NQJZO,0.0204791436704452,BAJO,Tipo de contrato: mes a mes,Tipo de contrato: mes a mes | Antigüedad | Tipo de contrato: dos años,Two year,DSL,Bank transfer (automatic),72,67.8,4804.65,0,Yes,No
3970-XGJDU,0.02045048707557648,BAJO,Tipo de contrato: mes a mes,Tipo de contrato: mes a mes | Antigüedad | Tipo de contrato: dos años,Two year,No,Credit card (automatic),62,19.2,1123.65,0,No,No
6119-SPUDB,0.02031031431627574,BAJO,Tipo de contrato: mes a mes,Tipo de contrato: mes a mes | Tipo de contrato: dos años | Antigüedad,Two year,DSL,Mailed check,46,38.25,1755.35,0,No,No
9286-BHDQG,0.02014332874423995,BAJO,Tipo de contrato: mes a mes,Tipo de contrato: mes a mes | Tipo de contrato: dos años | Antigüedad,Two year,DSL,Credit card (automatic),72,45.25,3139.8,0,Yes,Yes
9114-DPSIA,0.02001139016722513,BAJO,Tipo de contrato: dos años,Tipo de contrato: dos años | Tipo de contrato: mes a mes | Antigüedad,Two year,DSL,Credit card (automatic),72,81.0,5750.0,0,Yes,Yes
8219-VYBVI,0.019972913935337053,BAJO,Tipo de contrato: mes a mes,Tipo de contrato: mes a mes | Tipo de contrato: dos años | Antigüedad,Two year,No,Mailed check,39,25.0,1004.35,0,No,Yes
6527-PZFPV,0.019966642276064313,BAJO,Tipo de contrato: mes a mes,Tipo de contrato: mes a mes | Seguridad en línea: no | Servicio de internet: fibra óptica,One year,No,Credit card (automatic),24,20.8,469.65,0,Yes,Yes
7401-JIXNM,0.019236521402032258,BAJO,Tipo de contrato: dos años,Tipo de contrato: dos años | Tipo de contrato: mes a mes | Antigüedad,Two year,DSL,Credit card (automatic),54,91.3,4965.0,0,Yes,Yes
5266-PFRQK,0.018803068305112514,BAJO,Tipo de contrato: mes a mes,Tipo de contrato: mes a mes | Antigüedad | Seguridad en línea: no,One year,No,Credit card (automatic),52,20.85,1071.6,0,Yes,Yes
9548-LERKT,0.018663317663739402,BAJO,Tipo de contrato: mes a mes,Tipo de contrato: mes a mes | Tipo de contrato: dos años | Seguridad en línea: no,Two year,No,Mailed check,24,19.75,483.15,0,Yes,No
1133-KXCGE,0.018102983998582303,BAJO,Tipo de contrato: mes a mes,Tipo de contrato: mes a mes | Seguridad en línea: no | Servicio de internet: fibra óptica,One year,No,Mailed check,18,20.1,407.05,0,No,No
9298-WGMRW,0.017768488024967544,BAJO,Antigüedad,Antigüedad | Tipo de contrato: dos años | Tipo de contrato: mes a mes,Two year,Fiber optic,Bank transfer (automatic),72,115.5,8312.75,0,Yes,No
0839-JTCUD,0.01751293179477773,BAJO,Tipo de contrato: dos años,Tipo de contrato: dos años | Tipo de contrato: mes a mes | Antigüedad,Two year,DSL,Credit card (automatic),66,89.9,5958.85,0,Yes,Yes
8701-DGLVH,0.01730126785947989,BAJO,Tipo de contrato: mes a mes,Tipo de contrato: mes a mes | Antigüedad | Tipo de contrato: dos años,Two year,No,Mailed check,51,20.45,1042.65,0,No,No
6625-FLENO,0.01718671349923387,BAJO,Tipo de contrato: mes a mes,Tipo de contrato: mes a mes | Tipo de contrato: dos años | Antigüedad,Two year,No,Mailed check,58,20.75,1185.95,0,Yes,No
5063-IUOKK,0.01674804249461464,BAJO,Tipo de contrato: mes a mes,Tipo de contrato: mes a mes | Tipo de contrato: dos años | Seguridad en línea: no,Two year,No,Mailed check,13,19.75,265.75,0,No,No
4940-KHCWD,0.01669439754075984,BAJO,Tipo de contrato: mes a mes,Tipo de contrato: mes a mes | Tipo de contrato: dos años | Antigüedad,Two year,DSL,Bank transfer (automatic),60,37.7,2288.7,0,Yes,No
5519-TEEUH,0.01664588458922765,BAJO,Tipo de contrato: mes a mes,Tipo de contrato: mes a mes | Seguridad en línea: no | Antigüedad,One year,No,Mailed check,33,20.15,682.15,0,No,Yes
9483-GCPWE,0.016621681621229813,BAJO,Tipo de contrato: mes a mes,Tipo de contrato: mes a mes | Seguridad en línea: no | Servicio de internet: fibra óptica,One year,No,Mailed check,9,20.1,190.25,0,No,Yes
6164-HAQTX,0.016505665694609522,BAJO,Tipo de contrato: mes a mes,Tipo de contrato: mes a mes | Antigüedad | Tipo de contrato: dos años,Two year,DSL,Bank transfer (automatic),71,53.95,3888.65,0,No,No
2984-RGEYA,0.016339130533412294,BAJO,Tipo de contrato: mes a mes,Tipo de contrato: mes a mes | Tipo de contrato: dos años | Antigüedad,Two year,No,Bank transfer (automatic),69,19.75,1375.4,0,Yes,Yes
9365-CSLBQ,0.015882880783319533,BAJO,Tipo de contrato: mes a mes,Tipo de contrato: mes a mes | Antigüedad | Tipo de contrato: dos años,Two year,No,Mailed check,71,24.35,1654.6,0,No,Yes
1088-AUUZZ,0.015822618572652703,BAJO,Tipo de contrato: mes a mes,Tipo de contrato: mes a mes | Tipo de contrato: dos años | Antigüedad,Two year,DSL,Credit card (automatic),56,75.85,4261.2,0,Yes,Yes
7369-TRPFD,0.015275340887952007,BAJO,Tipo de contrato: mes a mes,Tipo de contrato: mes a mes | Seguridad en línea: no | Servicio de internet: fibra óptica,One year,No,Mailed check,19,18.8,279.2,0,No,No
7729-XBTWX,0.014817998929689834,BAJO,Tipo de contrato: mes a mes,Tipo de contrato: mes a mes | Tipo de contrato: dos años | Antigüedad,Two year,No,Mailed check,66,19.75,1344.5,0,Yes,Yes
1459-QNFQT,0.014756943000261478,BAJO,Tipo de contrato: mes a mes,Tipo de contrato: mes a mes | Tipo de contrato: dos años | Antigüedad,Two year,DSL,Bank transfer (automatic),70,59.5,4144.8,0,Yes,Yes
2696-RZVZW,0.014660378671298796,BAJO,Tipo de contrato: mes a mes,Tipo de contrato: mes a mes | Tipo de contrato: dos años | Antigüedad,Two year,No,Credit card (automatic),68,25.05,1629.2,0,Yes,No
3705-PSNGL,0.013929205446490626,BAJO,Tipo de contrato: mes a mes,Tipo de contrato: mes a mes | Antigüedad | Seguridad en línea: no,One year,No,Electronic check,45,20.4,930.45,0,No,No
5469-NUJUR,0.013859261324182158,BAJO,Tipo de contrato: mes a mes,Tipo de contrato: mes a mes | Tipo de contrato: dos años | Seguridad en línea: no,Two year,No,Mailed check,19,19.95,373.5,0,No,No
1945-XISKS,0.013611432103529776,BAJO,Tipo de contrato: mes a mes,Tipo de contrato: mes a mes | Tipo de contrato: dos años | Antigüedad,Two year,No,Mailed check,67,19.65,1335.2,0,Yes,No
3948-KXDUF,0.013432196097016114,BAJO,Tipo de contrato: mes a mes,Tipo de contrato: mes a mes | Tipo de contrato: dos años | Antigüedad,Two year,DSL,Bank transfer (automatic),66,68.75,4447.55,0,No,No
5505-OVWQW,0.013175901732582415,BAJO,Tipo de contrato: mes a mes,Tipo de contrato: mes a mes | Seguridad en línea: no | Servicio de internet: fibra óptica,One year,No,Mailed check,17,20.15,353.65,0,No,No
1047-RNXZV,0.013132253006340902,BAJO,Tipo de contrato: mes a mes,Tipo de contrato: mes a mes | Tipo de contrato: dos años | Antigüedad,Two year,No,Mailed check,43,19.55,876.15,0,No,No
4709-LKHYG,0.012973688622651715,BAJO,Tipo de contrato: mes a mes,Tipo de contrato: mes a mes | Antigüedad | Seguridad en línea: no,One year,No,Electronic check,29,20.0,540.05,0,Yes,Yes
6134-KWTBV,0.012959247711018855,BAJO,Tipo de contrato: mes a mes,Tipo de contrato: mes a mes | Tipo de contrato: dos años | Antigüedad,Two year,No,Bank transfer (automatic),62,23.4,1429.65,0,No,No
2388-LAESQ,0.012338696256434661,BAJO,Antigüedad,Antigüedad | Tipo de contrato: dos años | Tipo de contrato: mes a mes,Two year,Fiber optic,Bank transfer (automatic),72,114.85,8317.95,1,Yes,No
3717-FDJFU,0.012205946695701431,BAJO,Tipo de contrato: mes a mes,Tipo de contrato: mes a mes | Tipo de contrato: dos años | Seguridad en línea: no,Two year,No,Mailed check,5,20.45,106.9,0,No,Yes
0017-IUDMW,0.012119380054407125,BAJO,Antigüedad,Antigüedad | Tipo de contrato: mes a mes | Tipo de contrato: dos años,Two year,Fiber optic,Credit card (automatic),72,116.8,8456.75,0,Yes,Yes
7998-WNZEM,0.0120529638623063,BAJO,Tipo de contrato: dos años,Tipo de contrato: dos años | Tipo de contrato: mes a mes | Antigüedad,Two year,DSL,Bank transfer (automatic),71,80.6,5708.2,0,No,No
8532-UEFWH,0.011218338561516192,BAJO,Tipo de contrato: mes a mes,Tipo de contrato: mes a mes | Tipo de contrato: dos años | Antigüedad,Two year,No,Mailed check,52,25.75,1345.85,0,Yes,Yes
7602-DBTOU,0.011162609478988303,BAJO,Tipo de contrato: mes a mes,Tipo de contrato: mes a mes | Tipo de contrato: dos años | Antigüedad,Two year,No,Mailed check,71,19.6,1416.5,0,Yes,No
8873-TMKGR,0.010679787685142167,BAJO,Tipo de contrato: mes a mes,Tipo de contrato: mes a mes | Antigüedad | Seguridad en línea: no,One year,No,Mailed check,29,19.1,529.5,0,No,No
5619-XZZKR,0.010278770428849959,BAJO,Tipo de contrato: mes a mes,Tipo de contrato: mes a mes | Seguridad en línea: no | Soporte técnico: no,One year,No,Mailed check,4,19.95,68.2,0,No,No
9950-MTGYX,0.009892217630039139,BAJO,Tipo de contrato: mes a mes,Tipo de contrato: mes a mes | Tipo de contrato: dos años | Seguridad en línea: no,Two year,No,Credit card (automatic),28,20.3,487.95,0,Yes,Yes
9637-CDTKZ,0.009886683188569414,BAJO,Antigüedad,Antigüedad | Tipo de contrato: dos años | Tipo de contrato: mes a mes,Two year,Fiber optic,Credit card (automatic),72,114.1,8086.4,0,Yes,No
0040-HALCW,0.009689582666296988,BAJO,Tipo de contrato: mes a mes,Tipo de contrato: mes a mes | Tipo de contrato: dos años | Antigüedad,Two year,No,Credit card (automatic),54,20.4,1090.6,0,Yes,Yes
9135-HSWOC,0.009538848592277615,BAJO,Tipo de contrato: mes a mes,Tipo de contrato: mes a mes | Tipo de contrato: dos años | Antigüedad,Two year,No,Bank transfer (automatic),64,19.7,1274.05,0,Yes,Yes
4821-WQOYN,0.009491313194570923,BAJO,Tipo de contrato: mes a mes,Tipo de contrato: mes a mes | Tipo de contrato: dos años | Antigüedad,Two year,No,Credit card (automatic),72,20.1,1326.25,0,Yes,Yes
3985-HOYPM,0.009329201108722138,BAJO,Tipo de contrato: mes a mes,Tipo de contrato: mes a mes | Seguridad en línea: no | Antigüedad,One year,No,Mailed check,26,19.4,525.55,0,No,No
8207-VVMYB,0.009314266402458804,BAJO,Tipo de contrato: mes a mes,Tipo de contrato: mes a mes | Antigüedad | Tipo de contrato: dos años,Two year,No,Bank transfer (automatic),70,26.0,2006.95,0,Yes,No
5917-RYRMG,0.009257799518529307,BAJO,Tipo de contrato: mes a mes,Tipo de contrato: mes a mes | Antigüedad | Seguridad en línea: no,One year,No,Credit card (automatic),32,19.8,587.7,1,No,No
6248-BSHKG,0.009015174195284512,BAJO,Tipo de contrato: mes a mes,Tipo de contrato: mes a mes | Antigüedad | Seguridad en línea: no,One year,No,Mailed check,61,20.4,1226.45,0,Yes,Yes
0397-ZXWQF,0.008596243327983097,BAJO,Tipo de contrato: mes a mes,Tipo de contrato: mes a mes | Tipo de contrato: dos años | Antigüedad,Two year,No,Bank transfer (automatic),67,20.5,1430.95,0,No,No
6345-FZOQH,0.008242205748992516,BAJO,Tipo de contrato: mes a mes,Tipo de contrato: mes a mes | Tipo de contrato: dos años | Antigüedad,Two year,No,Mailed check,69,19.9,1363.45,0,Yes,No
0307-BCOPK,0.008237082368571139,BAJO,Tipo de contrato: mes a mes,Tipo de contrato: mes a mes | Seguridad en línea: no | Servicio de internet: fibra óptica,One year,No,Mailed check,16,19.05,326.65,0,No,No
8129-GMVGI,0.008115354380767768,BAJO,Tipo de contrato: mes a mes,Tipo de contrato: mes a mes | Tipo de contrato: dos años | Antigüedad,Two year,No,Mailed check,56,20.05,1090.1,0,Yes,Yes
9372-TXXPS,0.00788707115608469,BAJO,Tipo de contrato: mes a mes,Tipo de contrato: mes a mes | Antigüedad | Tipo de contrato: dos años,Two year,DSL,Bank transfer (automatic),60,59.85,3483.45,0,Yes,No
4779-ZGICK,0.007711181126219529,BAJO,Tipo de contrato: mes a mes,Tipo de contrato: mes a mes | Tipo de contrato: dos años | Antigüedad,Two year,No,Mailed check,48,23.55,1173.35,0,Yes,Yes
6698-OXETB,0.007629942152363223,BAJO,Tipo de contrato: mes a mes,Tipo de contrato: mes a mes | Tipo de contrato: dos años | Seguridad en línea: no,Two year,No,Mailed check,11,20.4,231.45,0,No,No
3454-JFUBC,0.007573240555551853,BAJO,Tipo de contrato: mes a mes,Tipo de contrato: mes a mes | Antigüedad | Tipo de contrato: dos años,Two year,No,Credit card (automatic),68,20.0,1396.0,1,No,No
7649-PHJVR,0.0075402022541521535,BAJO,Tipo de contrato: mes a mes,Tipo de contrato: mes a mes | Seguridad en línea: no | Servicio de internet: fibra óptica,One year,No,Mailed check,11,19.5,226.8,0,No,No
3910-MRQOY,0.00740419076314475,BAJO,Tipo de contrato: mes a mes,Tipo de contrato: mes a mes | Tipo de contrato: dos años | Antigüedad,Two year,No,Bank transfer (automatic),72,19.4,1496.45,0,Yes,No
1830-IPXVJ,0.007258670670298137,BAJO,Tipo de contrato: mes a mes,Tipo de contrato: mes a mes | Tipo de contrato: dos años | Antigüedad,Two year,No,Credit card (automatic),61,19.75,1311.6,0,Yes,Yes
2925-VDZHY,0.007153870355186509,BAJO,Tipo de contrato: dos años,Tipo de contrato: dos años | Tipo de contrato: mes a mes | Antigüedad,Two year,DSL,Credit card (automatic),72,88.7,6501.35,0,Yes,Yes
4674-HGNUA,0.007153870355186509,BAJO,Tipo de contrato: dos años,Tipo de contrato: dos años | Tipo de contrato: mes a mes | Antigüedad,Two year,DSL,Credit card (automatic),71,89.9,6457.15,0,Yes,Yes
7216-KAOID,0.007047294225258119,BAJO,Tipo de contrato: mes a mes,Tipo de contrato: mes a mes | Antigüedad | Seguridad en línea: no,One year,No,Bank transfer (automatic),41,19.5,798.2,0,Yes,Yes
5057-RKGLH,0.0069360285318588845,BAJO,Tipo de contrato: mes a mes,Tipo de contrato: mes a mes | Tipo de contrato: dos años | Seguridad en línea: no,Two year,No,Mailed check,9,20.35,191.1,0,Yes,Yes
7515-LODFU,0.0067229066115059985,BAJO,Tipo de contrato: mes a mes,Tipo de contrato: mes a mes | Antigüedad | Tipo de contrato: dos años,Two year,No,Credit card (automatic),69,20.3,1356.3,1,No,No
9588-YRFHY,0.006544841515393199,BAJO,Tipo de contrato: mes a mes,Tipo de contrato: mes a mes | Tipo de contrato: dos años | Antigüedad,Two year,No,Credit card (automatic),49,19.9,1022.6,0,No,No
4376-KFVRS,0.006419150899184981,BAJO,Antigüedad,Antigüedad | Tipo de contrato: dos años | Tipo de contrato: mes a mes,Two year,Fiber optic,Credit card (automatic),72,114.05,8468.2,0,Yes,Yes
3865-ZFZIB,0.006310754433729998,BAJO,Tipo de contrato: mes a mes,Tipo de contrato: mes a mes | Tipo de contrato: dos años | Seguridad en línea: no,Two year,No,Mailed check,19,19.65,358.15,0,No,No
4302-ZYFEL,0.006261349692620141,BAJO,Tipo de contrato: mes a mes,Tipo de contrato: mes a mes | Antigüedad | Seguridad en línea: no,One year,No,Credit card (automatic),69,20.55,1403.1,0,Yes,Yes
4698-KVLLG,0.006213261985500583,BAJO,Tipo de contrato: mes a mes,Tipo de contrato: mes a mes | Tipo de contrato: dos años | Antigüedad,Two year,No,Credit card (automatic),51,19.6,967.9,1,No,No
3125-RAHBV,0.00609096748739257,BAJO,Tipo de contrato: mes a mes,Tipo de contrato: mes a mes | Seguridad en línea: no | Cargo mensual,One year,No,Credit card (automatic),22,20.3,467.15,0,No,No
0608-JDVEC,0.0059477236065353925,BAJO,Tipo de contrato: mes a mes,Tipo de contrato: mes a mes | Tipo de contrato: dos años | Antigüedad,Two year,No,Electronic check,50,19.8,1013.2,0,Yes,No
6340-DACFT,0.005772852976868046,BAJO,Tipo de contrato: mes a mes,Tipo de contrato: mes a mes | Tipo de contrato: dos años | Antigüedad,Two year,No,Credit card (automatic),50,20.55,1070.25,0,Yes,Yes
1926-QUZNN,0.005666585937583144,BAJO,Tipo de contrato: mes a mes,Tipo de contrato: mes a mes | Antigüedad | Tipo de contrato: dos años,Two year,No,Bank transfer (automatic),72,25.25,1841.2,0,Yes,No
4703-MQYKT,0.005654190535242054,BAJO,Tipo de contrato: mes a mes,Tipo de contrato: mes a mes | Tipo de contrato: dos años | Seguridad en línea: no,Two year,No,Mailed check,21,19.6,390.4,0,No,No
2892-GESUL,0.005514456250086757,BAJO,Tipo de contrato: mes a mes,Tipo de contrato: mes a mes | Tipo de contrato: dos años | Seguridad en línea: no,Two year,No,Mailed check,18,19.35,309.25,0,Yes,Yes
4277-BWBML,0.005500649188643305,BAJO,Tipo de contrato: mes a mes,Tipo de contrato: mes a mes | Antigüedad | Tipo de contrato: dos años,Two year,No,Bank transfer (automatic),72,19.95,1322.85,0,Yes,Yes
1767-CJKBA,0.005264571577864644,BAJO,Tipo de contrato: mes a mes,Tipo de contrato: mes a mes | Tipo de contrato: dos años | Antigüedad,Two year,No,Mailed check,66,25.1,1697.7,0,No,No
8711-LOBKY,0.005233431192684478,BAJO,Tipo de contrato: mes a mes,Tipo de contrato: mes a mes | Tipo de contrato: dos años | Antigüedad,Two year,No,Mailed check,59,19.85,1188.25,0,Yes,Yes
0123-CRBRT,0.005168534009309358,BAJO,Tipo de contrato: mes a mes,Tipo de contrato: mes a mes | Tipo de contrato: dos años | Antigüedad,Two year,DSL,Mailed check,61,88.1,5526.75,0,Yes,Yes
9339-FIIJL,0.005135263852554715,BAJO,Tipo de contrato: mes a mes,Tipo de contrato: mes a mes | Tipo de contrato: dos años | Antigüedad,Two year,DSL,Bank transfer (automatic),72,85.95,6151.9,0,Yes,No
5296-BFCYD,0.005077680717102941,BAJO,Tipo de contrato: mes a mes,Tipo de contrato: mes a mes | Tipo de contrato: dos años | Antigüedad,Two year,No,Mailed check,46,20.1,936.85,0,Yes,Yes
3982-JGSFD,0.004898286331802928,BAJO,Tipo de contrato: mes a mes,Tipo de contrato: mes a mes | Antigüedad | Seguridad en línea: no,One year,No,Credit card (automatic),36,20.35,695.85,0,No,No
6823-SIDFQ,0.004771245065887026,BAJO,Tipo de contrato: mes a mes,Tipo de contrato: mes a mes | Antigüedad | Seguridad en línea: no,One year,No,Credit card (automatic),28,18.25,534.7,0,No,No
2266-FUBDZ,0.004727879024433631,BAJO,Tipo de contrato: mes a mes,Tipo de contrato: mes a mes | Tipo de contrato: dos años | Seguridad en línea: no,Two year,No,Mailed check,15,19.35,278.85,0,Yes,Yes
9534-NSXEM,0.004723399254179092,BAJO,Tipo de contrato: mes a mes,Tipo de contrato: mes a mes | Seguridad en línea: no | Antigüedad,One year,No,Credit card (automatic),26,20.65,595.5,0,No,No
1927-QEWMY,0.0046865887992470915,BAJO,Tipo de contrato: mes a mes,Tipo de contrato: mes a mes | Antigüedad | Tipo de contrato: dos años,Two year,No,Credit card (automatic),72,20.5,1502.25,0,Yes,No
7632-YUTXB,0.004553989906086211,BAJO,Tipo de contrato: mes a mes,Tipo de contrato: mes a mes | Seguridad en línea: no | Antigüedad,One year,No,Mailed check,25,20.05,520.1,0,Yes,Yes
6169-PPETC,0.004473579522858622,BAJO,Tipo de contrato: mes a mes,Tipo de contrato: mes a mes | Tipo de contrato: dos años | Antigüedad,Two year,No,Bank transfer (automatic),35,20.5,759.35,0,Yes,Yes
8717-VCTXJ,0.004380583586728354,BAJO,Tipo de contrato: mes a mes,Tipo de contrato: mes a mes | Antigüedad | Seguridad en línea: no,One year,No,Mailed check,42,19.55,839.4,0,No,No
4785-FCIFB,0.004370540231205185,BAJO,Tipo de contrato: mes a mes,Tipo de contrato: mes a mes | Antigüedad | Tipo de contrato: dos años,Two year,No,Mailed check,61,24.4,1417.9,0,Yes,No
1820-DJFPH,0.00435690191367206,BAJO,Tipo de contrato: mes a mes,Tipo de contrato: mes a mes | Antigüedad | Tipo de contrato: dos años,Two year,No,Bank transfer (automatic),72,24.05,1709.15,0,Yes,Yes
2788-CJQAQ,0.004215844718948176,BAJO,Tipo de contrato: mes a mes,Tipo de contrato: mes a mes | Seguridad en línea: no | Servicio de internet: fibra óptica,One year,No,Mailed check,13,19.45,270.2,0,No,No
1705-GUHPV,0.0042044631936174635,BAJO,Tipo de contrato: mes a mes,Tipo de contrato: mes a mes | Antigüedad | Tipo de contrato: dos años,Two year,No,Mailed check,63,24.2,1618.2,0,No,No
2346-LOCWC,0.004173053966354749,BAJO,Tipo de contrato: mes a mes,Tipo de contrato: mes a mes | Tipo de contrato: dos años | Antigüedad,Two year,No,Credit card (automatic),58,20.5,1191.4,0,Yes,Yes
8165-ZJRNM,0.004116645682808153,BAJO,Tipo de contrato: mes a mes,Tipo de contrato: mes a mes | Antigüedad | Tipo de contrato: dos años,Two year,No,Bank transfer (automatic),72,23.75,1679.25,0,Yes,Yes
2632-TACXW,0.004082898347402796,BAJO,Tipo de contrato: mes a mes,Tipo de contrato: mes a mes | Tipo de contrato: dos años | Antigüedad,Two year,No,Bank transfer (automatic),62,23.65,1416.75,0,Yes,No
4742-TXUEX,0.004058171118075696,BAJO,Tipo de contrato: mes a mes,Tipo de contrato: mes a mes | Tipo de contrato: dos años | Antigüedad,Two year,No,Bank transfer (automatic),47,19.3,890.5,0,Yes,Yes
1494-EJZDW,0.0040134882551896775,BAJO,Tipo de contrato: mes a mes,Tipo de contrato: mes a mes | Tipo de contrato: dos años | Seguridad en línea: no,Two year,No,Mailed check,10,20.15,220.8,0,Yes,Yes
1709-EJDOX,0.003942505267021726,BAJO,Tipo de contrato: mes a mes,Tipo de contrato: mes a mes | Tipo de contrato: dos años | Antigüedad,Two year,No,Mailed check,47,19.75,948.9,0,Yes,Yes
8779-YIQQA,0.003909270798270047,BAJO,Tipo de contrato: mes a mes,Tipo de contrato: mes a mes | Seguridad en línea: no | Servicio de internet: fibra óptica,One year,No,Mailed check,21,19.8,350.1,0,Yes,Yes
5774-QPLTF,0.0038962771706675414,BAJO,Tipo de contrato: mes a mes,Tipo de contrato: mes a mes | Antigüedad | Seguridad en línea: no,One year,No,Mailed check,50,20.35,938.95,0,Yes,Yes
0301-FIDRB,0.00374740956626696,BAJO,Tipo de contrato: mes a mes,Tipo de contrato: mes a mes | Antigüedad | Tipo de contrato: dos años,Two year,DSL,Bank transfer (automatic),72,63.8,4684.3,0,Yes,Yes
4086-WITJG,0.0037071555333570037,BAJO,Tipo de contrato: mes a mes,Tipo de contrato: mes a mes | Tipo de contrato: dos años | Antigüedad,Two year,No,Credit card (automatic),71,19.7,1301.1,0,Yes,Yes
2169-RRLFW,0.0035747138864862323,BAJO,Tipo de contrato: mes a mes,Tipo de contrato: mes a mes | Antigüedad | Tipo de contrato: dos años,Two year,No,Credit card (automatic),71,25.6,1888.25,0,Yes,No
1555-HAPSU,0.003571901958472977,BAJO,Tipo de contrato: mes a mes,Tipo de contrato: mes a mes | Antigüedad | Tipo de contrato: dos años,Two year,No,Credit card (automatic),71,23.9,1663.5,0,Yes,Yes
6223-DHJGV,0.0033357940247711305,BAJO,Tipo de contrato: mes a mes,Tipo de contrato: mes a mes | Antigüedad | Seguridad en línea: no,One year,No,Mailed check,42,20.65,958.1,0,No,No
8173-RXAYP,0.003185192041158392,BAJO,Tipo de contrato: mes a mes,Tipo de contrato: mes a mes | Tipo de contrato: dos años | Seguridad en línea: no,Two year,No,Mailed check,24,19.7,452.55,0,Yes,Yes
7606-BPHHN,0.003150016462327687,BAJO,Tipo de contrato: mes a mes,Tipo de contrato: mes a mes | Antigüedad | Tipo de contrato: dos años,Two year,No,Credit card (automatic),72,19.8,1468.75,0,No,No
2990-IAJSV,0.00312322189416908,BAJO,Tipo de contrato: dos años,Tipo de contrato: dos años | Antigüedad | Tipo de contrato: mes a mes,Two year,DSL,Bank transfer (automatic),72,92.0,6632.75,0,No,No
7649-SIJJF,0.0031232218941690797,BAJO,Tipo de contrato: dos años,Tipo de contrato: dos años | Tipo de contrato: mes a mes | Antigüedad,Two year,DSL,Mailed check,71,80.1,5585.4,0,Yes,No
2320-TZRRH,0.003103245924990161,BAJO,Tipo de contrato: mes a mes,Tipo de contrato: mes a mes | Seguridad en línea: no | Servicio de internet: fibra óptica,One year,No,Mailed check,20,19.5,403.15,0,No,No
6418-HNFED,0.003082462811961376,BAJO,Tipo de contrato: dos años,Tipo de contrato: dos años | Tipo de contrato: mes a mes | Antigüedad,Two year,DSL,Credit card (automatic),51,83.25,4089.45,0,Yes,No
9537-JALFH,0.0030518265641018318,BAJO,Tipo de contrato: mes a mes,Tipo de contrato: mes a mes | Tipo de contrato: dos años | Antigüedad,Two year,No,Bank transfer (automatic),69,19.9,1356.7,0,Yes,Yes
8181-YHCMF,0.002939558131805374,BAJO,Tipo de contrato: mes a mes,Tipo de contrato: mes a mes | Tipo de contrato: dos años | Antigüedad,Two year,DSL,Credit card (automatic),68,60.3,4109.0,0,Yes,Yes
3967-KXAPS,0.0028858460687175925,BAJO,Tipo de contrato: dos años,Tipo de contrato: dos años | Tipo de contrato: mes a mes | Antigüedad,Two year,DSL,Credit card (automatic),72,92.3,6719.9,0,Yes,No
4312-KFRXN,0.0028123391144397325,BAJO,Tipo de contrato: mes a mes,Tipo de contrato: mes a mes | Antigüedad | Tipo de contrato: dos años,Two year,No,Mailed check,72,25.4,1710.9,0,Yes,No
3400-ESFUW,0.0027535637226553003,BAJO,Tipo de contrato: mes a mes,Tipo de contrato: mes a mes | Tipo de contrato: dos años | Antigüedad,Two year,DSL,Bank transfer (automatic),55,57.55,3046.4,0,Yes,Yes
6848-HJTXY,0.0027378952637889197,BAJO,Tipo de contrato: mes a mes,Tipo de contrato: mes a mes | Tipo de contrato: dos años | Antigüedad,Two year,No,Credit card (automatic),64,19.45,1208.6,0,Yes,No
8347-GDTMP,0.0027378952637889197,BAJO,Tipo de contrato: mes a mes,Tipo de contrato: mes a mes | Tipo de contrato: dos años | Antigüedad,Two year,No,Credit card (automatic),64,19.45,1225.65,0,Yes,No
3027-YNWZU,0.0026759960630379264,BAJO,Tipo de contrato: mes a mes,Tipo de contrato: mes a mes | Antigüedad | Tipo de contrato: dos años,Two year,No,Credit card (automatic),64,25.0,1584.8,0,Yes,No
1403-GYAFU,0.0026045297867323593,BAJO,Tipo de contrato: mes a mes,Tipo de contrato: mes a mes | Tipo de contrato: dos años | Antigüedad,Two year,No,Credit card (automatic),70,20.05,1360.25,0,Yes,Yes
0962-CQPWQ,0.0026038202901742767,BAJO,Tipo de contrato: mes a mes,Tipo de contrato: mes a mes | Tipo de contrato: dos años | Antigüedad,Two year,No,Bank transfer (automatic),62,20.3,1296.15,0,Yes,Yes
9824-QCJPK,0.002551185427219632,BAJO,Tipo de contrato: mes a mes,Tipo de contrato: mes a mes | Antigüedad | Seguridad en línea: no,One year,No,Mailed check,36,20.0,666.75,0,Yes,No
4955-VCWBI,0.0024570117041523534,BAJO,Tipo de contrato: mes a mes,Tipo de contrato: mes a mes | Antigüedad | Seguridad en línea: no,One year,No,Mailed check,43,20.0,817.95,0,Yes,Yes
3508-VLHCZ,0.0024488226245414743,BAJO,Tipo de contrato: mes a mes,Tipo de contrato: mes a mes | Tipo de contrato: dos años | Antigüedad,Two year,DSL,Credit card (automatic),71,90.55,6239.05,0,Yes,Yes
7717-BICXI,0.002445698079651235,BAJO,Tipo de contrato: mes a mes,Tipo de contrato: mes a mes | Tipo de contrato: dos años | Antigüedad,Two year,No,Mailed check,60,20.55,1205.05,0,Yes,Yes
0769-MURVM,0.0023839678559530292,BAJO,Tipo de contrato: mes a mes,Tipo de contrato: mes a mes | Tipo de contrato: dos años | Antigüedad,Two year,DSL,Bank transfer (automatic),72,65.7,4575.35,0,Yes,Yes
8028-PNXHQ,0.002254616875052778,BAJO,Tipo de contrato: mes a mes,Tipo de contrato: mes a mes | Antigüedad | Tipo de contrato: dos años,Two year,No,Bank transfer (automatic),62,24.25,1424.6,0,Yes,Yes
1166-PQLGG,0.0021228833264265636,BAJO,Tipo de contrato: mes a mes,Tipo de contrato: mes a mes | Tipo de contrato: dos años | Antigüedad,Two year,No,Bank transfer (automatic),72,19.55,1463.45,0,Yes,Yes
4825-FUREZ,0.002115363602988957,BAJO,Tipo de contrato: mes a mes,Tipo de contrato: mes a mes | Tipo de contrato: dos años | Antigüedad,Two year,No,Electronic check,42,20.25,835.5,0,Yes,No
4735-BJKOU,0.0020574151866784157,BAJO,Tipo de contrato: mes a mes,Tipo de contrato: mes a mes | Tipo de contrato: dos años | Antigüedad,Two year,No,Mailed check,40,20.15,804.85,0,No,No
6365-HITVU,0.0015997990105132962,BAJO,Tipo de contrato: dos años,Tipo de contrato: dos años | Tipo de contrato: mes a mes | Antigüedad,Two year,DSL,Credit card (automatic),71,87.25,6328.7,0,Yes,Yes
0174-QRVVY,0.0015031322832501442,BAJO,Tipo de contrato: mes a mes,Tipo de contrato: mes a mes | Tipo de contrato: dos años | Antigüedad,Two year,No,Credit card (automatic),71,25.35,1847.55,0,Yes,Yes
0402-OAMEN,0.0013971890457192871,BAJO,Tipo de contrato: mes a mes,Tipo de contrato: mes a mes | Antigüedad | Tipo de contrato: dos años,Two year,No,Bank transfer (automatic),72,24.45,1709.1,0,Yes,Yes
8735-SDUFN,0.0013634417103139307,BAJO,Tipo de contrato: mes a mes,Tipo de contrato: mes a mes | Antigüedad | Tipo de contrato: dos años,Two year,No,Bank transfer (automatic),72,24.3,1778.7,1,Yes,No
6370-ZVHDV,0.0013634417103139307,BAJO,Tipo de contrato: mes a mes,Tipo de contrato: mes a mes | Tipo de contrato: dos años | Antigüedad,Two year,No,Bank transfer (automatic),61,25.3,1554.9,0,Yes,No
4012-YCFAI,0.0013634417103139307,BAJO,Tipo de contrato: mes a mes,Tipo de contrato: mes a mes | Antigüedad | Tipo de contrato: dos años,Two year,DSL,Mailed check,60,61.35,3766.2,0,Yes,No
0480-KYJVA,0.001187934102519947,BAJO,Tipo de contrato: mes a mes,Tipo de contrato: mes a mes | Antigüedad | Tipo de contrato: dos años,Two year,No,Credit card (automatic),72,24.25,1784.5,0,Yes,Yes
8590-OHDIW,0.0011873603291312643,BAJO,Tipo de contrato: mes a mes,Tipo de contrato: mes a mes | Antigüedad | Seguridad en línea: no,One year,No,Mailed check,38,20.3,749.35,0,Yes,Yes
8224-KDLKN,0.0008136694030011786,BAJO,Tipo de contrato: mes a mes,Tipo de contrato: mes a mes | Antigüedad | Tipo de contrato: dos años,Two year,No,Bank transfer (automatic),72,25.0,1738.9,0,Yes,Yes
0794-YVSGE,0.0006030039395603571,BAJO,Tipo de contrato: mes a mes,Tipo de contrato: mes a mes | Antigüedad | Tipo de contrato: dos años,Two year,No,Bank transfer (automatic),72,20.3,1401.15,0,Yes,Yes
3642-BYHDO,0.0005230843159132672,BAJO,Tipo de contrato: mes a mes,Tipo de contrato: mes a mes | Tipo de contrato: dos años | Antigüedad,Two year,No,Bank transfer (automatic),71,19.9,1389.35,0,Yes,Yes
0625-AFOHS,0.0005230843159132672,BAJO,Tipo de contrato: mes a mes,Tipo de contrato: mes a mes | Tipo de contrato: dos años | Antigüedad,Two year,No,Mailed check,29,20.2,558.8,0,Yes,Yes
2230-XTUWL,0.0004983275824467857,BAJO,Tipo de contrato: mes a mes,Tipo de contrato: mes a mes | Tipo de contrato: dos años | Antigüedad,Two year,No,Mailed check,48,19.55,883.35,0,Yes,Yes
9067-SQTNS,0.00044729677736947193,BAJO,Tipo de contrato: mes a mes,Tipo de contrato: mes a mes | Antigüedad | Seguridad en línea: no,One year,No,Bank transfer (automatic),44,20.6,926.0,0,Yes,Yes
5845-BZZIB,0.00036496210539022533,BAJO,Tipo de contrato: mes a mes,Tipo de contrato: mes a mes | Tipo de contrato: dos años | Antigüedad,Two year,No,Mailed check,35,20.1,655.3,0,Yes,Yes
5380-XPJNZ,0.0002905804998606766,BAJO,Tipo de contrato: mes a mes,Tipo de contrato: mes a mes | Antigüedad | Seguridad en línea: no,One year,No,Mailed check,38,20.05,678.2,0,No,No
1574-DYCWE,0.0002850424817431354,BAJO,Tipo de contrato: mes a mes,Tipo de contrato: mes a mes | Tipo de contrato: dos años | Antigüedad,Two year,No,Mailed check,51,19.95,1028.75,0,Yes,Yes
4962-CHQPW,0.00020925494319934016,BAJO,Tipo de contrato: mes a mes,Tipo de contrato: mes a mes | Antigüedad | Seguridad en línea: no,One year,No,Mailed check,29,19.85,535.05,0,No,Yes
2236-HILPA,0.0001557071621908852,BAJO,Tipo de contrato: mes a mes,Tipo de contrato: mes a mes | Tipo de contrato: dos años | Antigüedad,Two year,No,Credit card (automatic),62,20.65,1218.45,0,Yes,Yes
7205-BAIAD,0.00010886747837248518,BAJO,Tipo de contrato: mes a mes,Tipo de contrato: mes a mes | Tipo de contrato: dos años | Antigüedad,Two year,No,Bank transfer (automatic),40,20.6,827.3,0,No,No
7408-OFWXJ,0.0,BAJO,Tipo de contrato: dos años,Tipo de contrato: dos años | Tipo de contrato: mes a mes | Antigüedad,Two year,DSL,Credit card (automatic),72,89.8,6510.45,0,Yes,Yes
5727-MYATE,0.0,BAJO,Tipo de contrato: dos años,Tipo de contrato: dos años | Tipo de contrato: mes a mes | Antigüedad,Two year,DSL,Credit card (automatic),72,90.8,6397.6,0,Yes,Yes
3836-FZSDJ,0.0,BAJO,Tipo de contrato: mes a mes,Tipo de contrato: mes a mes | Antigüedad | Tipo de contrato: dos años,Two year,No,Bank transfer (automatic),71,24.85,1901.0,1,Yes,No
1227-UDMZR,0.0,BAJO,Tipo de contrato: mes a mes,Tipo de contrato: mes a mes | Antigüedad | Tipo de contrato: dos años,Two year,DSL,Bank transfer (automatic),72,91.15,6637.9,0,Yes,No
6701-YVNQG,0.0,BAJO,Tipo de contrato: dos años,Tipo de contrato: dos años | Tipo de contrato: mes a mes | Antigüedad,Two year,DSL,Credit card (automatic),72,88.7,6301.7,0,Yes,No
